name,name_abbrev,email,company,channels,orders,lifetime_revenue_usd,opening_customer_credit_usd,opening_ar_usd,first_order,last_order,fulfillment,status
Vladimir Tkach,Vladimir T.,,Substantial Integral Solutions LLC,Shopify,19,64754.93,64754.93,0.0,2025-07-05,2026-08-28,fulfilled 0 / partial 0 / unfulfilled 19,"RECOVERY (paid, unfulfilled)"
Dennis Willett,Dennis W.,,,Legacy ERP (pre-Riven) / Mercury,1,42647.12,42647.12,0.0,,,fulfilled 0 / partial 0 / unfulfilled 0,"RECOVERY (paid, unfulfilled)"
Leon Russell,Leon R.,leon@wolfriverelectric.com,,Shopify,3,17673.92,17673.92,0.0,2025-12-02,2026-01-27,fulfilled 0 / partial 0 / unfulfilled 3,"RECOVERY (paid, unfulfilled)"
Theodore Nye,Theodore N.,ted.w.nye@gmail.com,Channel Islands National Park,Shopify,1,8243.2,8243.2,0.0,2026-02-05,2026-02-05,fulfilled 0 / partial 0 / unfulfilled 1,"RECOVERY (paid, unfulfilled)"
Maureen Syrnick,Maureen S.,msyrnick@firstprops.com,First Properties,Shopify,1,7151.53,7151.53,0.0,2026-07-27,2026-07-27,fulfilled 0 / partial 0 / unfulfilled 1,"RECOVERY (paid, unfulfilled)"
Stuart Phelps,Stuart P.,phelps52308@gmail.com,"Hideaway Enterprises, Inc.",Shopify,1,6139.8,6139.8,0.0,2026-07-01,2026-07-01,fulfilled 0 / partial 0 / unfulfilled 1,"RECOVERY (paid, unfulfilled)"
Kevin Sauder,Kevin S.,ksauder@360-elec.com,"360 Electric, Heating/Cooling",Shopify,1,5885.01,5885.01,0.0,2026-08-13,2026-08-13,fulfilled 0 / partial 0 / unfulfilled 1,"RECOVERY (paid, unfulfilled)"
TERRI MCNAMARA,TERRI M.,terri.mcnamara@cityelectricsupply.com,MN8 ENERGY,Shopify,1,5631.69,5631.69,0.0,2026-02-20,2026-02-20,fulfilled 0 / partial 0 / unfulfilled 1,"RECOVERY (paid, unfulfilled)"
Kristi Ma,Kristi M.,kristi@ambrosia.energy,Ambrosia Energy,Shopify,1,4806.9,4806.9,0.0,2026-04-20,2026-04-20,fulfilled 0 / partial 0 / unfulfilled 1,"RECOVERY (paid, unfulfilled)"
Ben van der Roer,Ben van der Roer,benroer@gmail.com,,Shopify,2,4505.71,4505.71,0.0,2026-07-03,2026-07-10,fulfilled 0 / partial 0 / unfulfilled 2,"RECOVERY (paid, unfulfilled)"
isabel mendoza,isabel mendoza,isabel.mendoza@live.com,,Shopify,1,4407.5,4407.5,0.0,2026-06-03,2026-06-03,fulfilled 0 / partial 0 / unfulfilled 1,"RECOVERY (paid, unfulfilled)"
Tiger Arnold,Tiger A.,tigerarnold82@gmail.com,,Shopify,1,4169.48,4169.48,0.0,2026-05-27,2026-05-27,fulfilled 0 / partial 0 / unfulfilled 1,"RECOVERY (paid, unfulfilled)"
James Elking,James E.,james.elking@gmail.com,,Shopify,1,3466.95,3466.95,0.0,2025-12-08,2025-12-08,fulfilled 0 / partial 1 / unfulfilled 0,"RECOVERY (paid, unfulfilled)"
DENNIS HANSEN,DENNIS H.,sav3mon3y@gmail.com,,Shopify,2,3460.92,3460.92,0.0,2026-06-03,2026-06-04,fulfilled 0 / partial 0 / unfulfilled 2,"RECOVERY (paid, unfulfilled)"
DENNIS HANSEN,DENNIS H.,,,Legacy ERP (pre-Riven) / Mercury,1,2131.81,3460.92,0.0,,,fulfilled 0 / partial 0 / unfulfilled 0,"RECOVERY (paid, unfulfilled)"
Samuel Bunton,Samuel B.,buntonsamuel@hotmail.com,,Shopify,1,3227.9,3227.9,0.0,2026-08-17,2026-08-17,fulfilled 0 / partial 0 / unfulfilled 1,"RECOVERY (paid, unfulfilled)"
otilio cruz,otilio cruz,lura2402@outlook.com,,Shopify,1,3040.4,3040.4,0.0,2026-04-13,2026-04-13,fulfilled 0 / partial 0 / unfulfilled 1,"RECOVERY (paid, unfulfilled)"
Andrew Barrow,Andrew B.,abarrow99@gmail.com,,Shopify,1,2987.42,2987.42,0.0,2026-06-04,2026-06-04,fulfilled 0 / partial 0 / unfulfilled 1,"RECOVERY (paid, unfulfilled)"
Jason Ross,Jason R.,jr@repowerny.com,"REpower,LLC",Shopify,1,2838.17,2838.17,0.0,2026-05-21,2026-05-21,fulfilled 0 / partial 0 / unfulfilled 1,"RECOVERY (paid, unfulfilled)"
Muhammad Nur Rahami Rosli,Muhammad Nur Rahami Rosli,sales@rptechenergy.com,RP Tech Energy Sdn Bhd,Shopify,1,2780.57,2780.57,0.0,2026-07-22,2026-07-22,fulfilled 0 / partial 0 / unfulfilled 1,"RECOVERY (paid, unfulfilled)"
Tim Bello,Tim B.,sean@hollywoodhamilton.biz,,Shopify,1,2778.15,2778.15,0.0,2026-08-16,2026-08-16,fulfilled 0 / partial 0 / unfulfilled 1,"RECOVERY (paid, unfulfilled)"
Jose Coronado FLores,Jose Coronado FLores,floresphotovoltaics@gmail.com,,Shopify,1,2583.52,2583.52,0.0,2025-11-19,2025-11-19,fulfilled 0 / partial 0 / unfulfilled 1,"RECOVERY (paid, unfulfilled)"
Jeff Hochstetler,Jeff H.,jeffh44@yahoo.com,,Shopify,1,2340.09,2340.09,0.0,2026-06-25,2026-06-25,fulfilled 0 / partial 0 / unfulfilled 1,"RECOVERY (paid, unfulfilled)"
Amanda Drude,Amanda D.,druderay@bellsouth.net,Maxim Transport LLC,Shopify,1,2336.38,2336.38,0.0,2026-03-18,2026-03-18,fulfilled 0 / partial 0 / unfulfilled 1,"RECOVERY (paid, unfulfilled)"
Stephen Lind,Stephen L.,gobartman@earthlink.net,,Shopify,1,2328.04,2328.04,0.0,2026-06-22,2026-06-22,fulfilled 0 / partial 0 / unfulfilled 1,"RECOVERY (paid, unfulfilled)"
Mike Gavinet,Mike G.,mikeg@linked.energy,Linked Energy Services,Shopify,1,2325.39,2325.39,0.0,2026-07-30,2026-07-30,fulfilled 0 / partial 0 / unfulfilled 1,"RECOVERY (paid, unfulfilled)"
Virgil McIntyre,Virgil M.,virgilsworld@aol.com,,Shopify,1,2301.31,2301.31,0.0,2026-06-03,2026-06-03,fulfilled 0 / partial 0 / unfulfilled 1,"RECOVERY (paid, unfulfilled)"
Berkeley Bodine,Berkeley B.,,,Legacy ERP (pre-Riven) / Mercury,1,2380.33,2296.13,0.0,,,fulfilled 0 / partial 0 / unfulfilled 0,"RECOVERY (paid, unfulfilled)"
Berkeley Bodine,Berkeley B.,berkeley@vdbelectric.com,,Shopify,1,2296.13,2296.13,0.0,2026-06-13,2026-06-13,fulfilled 0 / partial 0 / unfulfilled 1,"RECOVERY (paid, unfulfilled)"
Matt Williams,Matt W.,mattbuilder@outlook.com,Williams Construction,Shopify,1,2269.43,2269.43,0.0,2026-08-20,2026-08-20,fulfilled 0 / partial 0 / unfulfilled 1,"RECOVERY (paid, unfulfilled)"
Trenton Rembert,Trenton R.,,,Legacy ERP (pre-Riven) / Mercury,1,2368.77,2177.45,0.0,,,fulfilled 0 / partial 0 / unfulfilled 0,"RECOVERY (paid, unfulfilled)"
Trenton Rembert,Trenton R.,tnremb@gmail.com,,Shopify,1,2177.45,2177.45,0.0,2026-04-17,2026-04-17,fulfilled 0 / partial 0 / unfulfilled 1,"RECOVERY (paid, unfulfilled)"
Steve Heryford,Steve H.,speck133@gmail.com,Pacific Northwest Utility Services,Shopify,1,2070.8,2070.8,0.0,2026-06-03,2026-06-03,fulfilled 0 / partial 0 / unfulfilled 1,"RECOVERY (paid, unfulfilled)"
Greg Bequette,Greg B.,bequette333@gmail.com,Bequette Vineyards,Shopify,1,2037.83,2037.83,0.0,2026-06-28,2026-06-28,fulfilled 0 / partial 0 / unfulfilled 1,"RECOVERY (paid, unfulfilled)"
Jayson Emerian,Jayson E.,,,Legacy ERP (pre-Riven) / Mercury,1,2336.41,2036.87,0.0,,,fulfilled 0 / partial 0 / unfulfilled 0,"RECOVERY (paid, unfulfilled)"
Jayson Emerian,Jayson E.,jayson@trinitypowerca.com,Trinity Power,Shopify,1,2036.87,2036.87,0.0,2025-09-03,2025-09-03,fulfilled 0 / partial 0 / unfulfilled 1,"RECOVERY (paid, unfulfilled)"
Tyler Otero,Tyler O.,totero@arcticak.com,,Shopify,1,2017.91,2017.91,0.0,2026-08-12,2026-08-12,fulfilled 0 / partial 0 / unfulfilled 1,"RECOVERY (paid, unfulfilled)"
Franco Sandoval,Franco S.,frabncos24@outlook.com,,Shopify,1,1991.75,1991.75,0.0,2026-04-13,2026-04-13,fulfilled 0 / partial 0 / unfulfilled 1,"RECOVERY (paid, unfulfilled)"
marta angelica,marta angelica,martapochibob@gmail.com,,Shopify,1,1966.97,1966.97,0.0,2026-07-17,2026-07-17,fulfilled 0 / partial 0 / unfulfilled 1,"RECOVERY (paid, unfulfilled)"
Larry Odbert,Larry O.,bearsgrateful@gmail.com,none,Shopify,1,1963.56,1963.56,0.0,2026-03-30,2026-03-30,fulfilled 0 / partial 0 / unfulfilled 1,"RECOVERY (paid, unfulfilled)"
Mike St. James,Mike St. James,officeadmin@thesolarexchange.com,The Solar Exchange,Shopify,1,1947.26,1947.26,0.0,2025-12-12,2025-12-12,fulfilled 0 / partial 1 / unfulfilled 0,"RECOVERY (paid, unfulfilled)"
Alejandro Marquez,Alejandro M.,camumaga121.11@gmail.com,,Shopify,1,1928.06,1928.06,0.0,2026-04-13,2026-04-13,fulfilled 0 / partial 0 / unfulfilled 1,"RECOVERY (paid, unfulfilled)"
Nadiya Gallagher,Nadiya G.,nadiya.gallagher@gmail.com,Gallagher Concrete Construction LLC,Shopify,1,1905.13,1905.13,0.0,2026-08-17,2026-08-17,fulfilled 0 / partial 0 / unfulfilled 1,"RECOVERY (paid, unfulfilled)"
David Brownfield,David B.,dbfield2@gmail.com,,Shopify,1,1903.3,1903.3,0.0,2026-08-11,2026-08-11,fulfilled 0 / partial 0 / unfulfilled 1,"RECOVERY (paid, unfulfilled)"
marlon boswell,marlon boswell,mkarlonboswell@gmail.com,,Shopify,1,1859.71,1859.71,0.0,2026-04-11,2026-04-11,fulfilled 0 / partial 0 / unfulfilled 1,"RECOVERY (paid, unfulfilled)"
Duke Q Ho,Duke Q Ho,snowman024z@gmail.com,,Shopify,1,1813.94,1813.94,0.0,2026-08-15,2026-08-15,fulfilled 0 / partial 0 / unfulfilled 1,"RECOVERY (paid, unfulfilled)"
otilio cruz,otilio cruz,xtremexkates1@gmail.com,,Shopify,1,1783.81,1783.81,0.0,2026-04-28,2026-04-28,fulfilled 0 / partial 0 / unfulfilled 1,"RECOVERY (paid, unfulfilled)"
Robert Stueckle,Robert S.,robert.stueckle@sunpower.com,IE Construction South,Shopify,1,1766.11,1766.11,0.0,2026-07-22,2026-07-22,fulfilled 0 / partial 0 / unfulfilled 1,"RECOVERY (paid, unfulfilled)"
Louis Griesemer,Louis G.,louisg@sbcglobal.net,,Shopify,1,1720.76,1720.76,0.0,2026-06-20,2026-06-20,fulfilled 0 / partial 0 / unfulfilled 1,"RECOVERY (paid, unfulfilled)"
mike KAMINSKI,mike KAMINSKI,mikek6511@msn.com,,Shopify,1,1692.64,1692.64,0.0,2026-08-04,2026-08-04,fulfilled 0 / partial 0 / unfulfilled 1,"RECOVERY (paid, unfulfilled)"
Robert Timothy,Robert T.,roberttimotjy1@gmail.com,,Shopify,1,1683.8,1683.8,0.0,2026-08-05,2026-08-05,fulfilled 0 / partial 0 / unfulfilled 1,"RECOVERY (paid, unfulfilled)"
Edil Reyes,Edil R.,edroreco@gmail.com,Other,Shopify,1,1656.95,1656.95,0.0,2026-07-26,2026-07-26,fulfilled 0 / partial 0 / unfulfilled 1,"RECOVERY (paid, unfulfilled)"
Nicole Pelot,Nicole P.,nicolepelot@gmail.com,,Shopify,1,1514.8,1514.8,0.0,2026-05-31,2026-05-31,fulfilled 0 / partial 0 / unfulfilled 1,"RECOVERY (paid, unfulfilled)"
Adam Maness,Adam M.,battlebornsolarservicellc@outlook.com,,Shopify,1,1466.01,1466.01,0.0,2026-07-20,2026-07-20,fulfilled 0 / partial 0 / unfulfilled 1,"RECOVERY (paid, unfulfilled)"
Brian Zeitler,Brian Z.,bpzeitler@gmail.com,,Shopify,1,1414.39,1414.39,0.0,2026-08-05,2026-08-05,fulfilled 0 / partial 0 / unfulfilled 1,"RECOVERY (paid, unfulfilled)"
ARTHUR J O'NEILL,ARTHUR J O'NEILL,faywood13@gmail.com,,Shopify,2,1375.29,1375.29,0.0,2026-08-08,2026-08-13,fulfilled 0 / partial 0 / unfulfilled 2,"RECOVERY (paid, unfulfilled)"
Kristie Harper,Kristie H.,creativeoasis@pm.me,Creative Oasis LLC,Shopify,1,1352.89,1352.89,0.0,2026-06-26,2026-06-26,fulfilled 0 / partial 0 / unfulfilled 1,"RECOVERY (paid, unfulfilled)"
Randy Thoele,Randy T.,randyt@stevensind.com,Stevens Industries,Shopify,1,1209.84,1209.84,0.0,2026-08-16,2026-08-16,fulfilled 0 / partial 0 / unfulfilled 1,"RECOVERY (paid, unfulfilled)"
ross keeble,ross keeble,rkeeble4@icloud.com,,Shopify,1,1199.39,1199.39,0.0,2026-07-23,2026-07-23,fulfilled 0 / partial 0 / unfulfilled 1,"RECOVERY (paid, unfulfilled)"
Avept Inc,Avept Inc,stevek@avept.com,,Shopify,1,1175.37,1175.37,0.0,2026-04-04,2026-04-04,fulfilled 0 / partial 0 / unfulfilled 1,"RECOVERY (paid, unfulfilled)"
Nathan Grafton,Nathan G.,ngrafton2006@gmail.com,,Shopify,1,1137.95,1137.95,0.0,2026-07-26,2026-07-26,fulfilled 0 / partial 0 / unfulfilled 1,"RECOVERY (paid, unfulfilled)"
Matthew Briscoe,Matthew B.,briscomd@gmail.com,Briscoe~Matthew,Shopify,1,1136.42,1136.42,0.0,2026-08-10,2026-08-10,fulfilled 0 / partial 0 / unfulfilled 1,"RECOVERY (paid, unfulfilled)"
Windsoleil Incorporated,Windsoleil I.,00833f7177a4016fe403@members.ebay.com,,Shopify,1,1109.49,1109.49,0.0,2025-09-21,2025-09-21,fulfilled 0 / partial 0 / unfulfilled 1,"RECOVERY (paid, unfulfilled)"
luis raigosa,luis raigosa,iat24w@gmail.com,,Shopify,2,1077.94,1077.94,0.0,2026-04-13,2026-04-13,fulfilled 0 / partial 0 / unfulfilled 2,"RECOVERY (paid, unfulfilled)"
karelis gutierrez,karelis gutierrez,gkarelis2001@gmail.com,,Shopify,1,1071.15,1071.15,0.0,2026-07-06,2026-07-06,fulfilled 0 / partial 0 / unfulfilled 1,"RECOVERY (paid, unfulfilled)"
Kyle Martin,Kyle M.,tanmanelectric@icloud.com,Tan Man Electric LLC,Shopify,2,1070.4,1070.4,0.0,2026-06-16,2026-07-06,fulfilled 0 / partial 0 / unfulfilled 2,"RECOVERY (paid, unfulfilled)"
David Martin,David M.,notransfat@gmail.com,,Shopify,1,1049.35,1049.35,0.0,2026-08-13,2026-08-13,fulfilled 0 / partial 0 / unfulfilled 1,"RECOVERY (paid, unfulfilled)"
William J Gutierrez,William J Gutierrez,gutierrezw001@gmail.com,,Shopify,1,1031.51,1031.51,0.0,2026-08-30,2026-08-30,fulfilled 0 / partial 0 / unfulfilled 1,"RECOVERY (paid, unfulfilled)"
Mark Almeida,Mark A.,4202telegraph@gmail.com,Adobe Soil & Structures,Shopify,1,996.67,996.67,0.0,2026-05-29,2026-05-29,fulfilled 0 / partial 0 / unfulfilled 1,"RECOVERY (paid, unfulfilled)"
Jeremy Mull,Jeremy M.,jeremy@baileycontractingllc.com,,Shopify,1,996.48,996.48,0.0,2026-06-29,2026-06-29,fulfilled 0 / partial 0 / unfulfilled 1,"RECOVERY (paid, unfulfilled)"
Brendan Carroll,Brendan C.,bcarroll@ameresco.com,Ameresco c/o Lynch Logistics,Shopify,1,991.3,991.3,0.0,2026-08-11,2026-08-11,fulfilled 0 / partial 0 / unfulfilled 1,"RECOVERY (paid, unfulfilled)"
Adam Harris,Adam H.,adam@solaraccesscolorado.org,SAC,Shopify,1,983.94,983.94,0.0,2026-08-23,2026-08-23,fulfilled 0 / partial 0 / unfulfilled 1,"RECOVERY (paid, unfulfilled)"
Hayden Imker,Hayden I.,hayden@wolfriverelectric.com,,Shopify,1,949.19,949.19,0.0,2026-04-09,2026-04-09,fulfilled 0 / partial 0 / unfulfilled 1,"RECOVERY (paid, unfulfilled)"
John Gardiner,John G.,john@openmarketenergy.net,OME Solar LLC,Shopify,1,948.03,948.03,0.0,2026-03-30,2026-03-30,fulfilled 0 / partial 0 / unfulfilled 1,"RECOVERY (paid, unfulfilled)"
John Gardiner,John G.,,,Legacy ERP (pre-Riven) / Mercury,1,615.88,948.03,0.0,,,fulfilled 0 / partial 0 / unfulfilled 0,"RECOVERY (paid, unfulfilled)"
Praus Lee,Praus L.,dealstud@gmail.com,,Shopify,1,940.4,940.4,0.0,2026-07-07,2026-07-07,fulfilled 0 / partial 0 / unfulfilled 1,"RECOVERY (paid, unfulfilled)"
Lara Somogyi,Lara S.,somreyproductions@gmail.com,,Shopify,1,901.32,901.32,0.0,2026-04-25,2026-04-25,fulfilled 0 / partial 0 / unfulfilled 1,"RECOVERY (paid, unfulfilled)"
Jean Laguerre,Jean L.,amalblezin57@gmail.com,,Shopify,1,873.53,873.53,0.0,2026-07-08,2026-07-08,fulfilled 0 / partial 0 / unfulfilled 1,"RECOVERY (paid, unfulfilled)"
John Maier,John M.,john.m@hollandmoritzinc.com,"Holland-Moritz Co., Inc",Shopify,1,812.43,812.43,0.0,2026-04-28,2026-04-28,fulfilled 0 / partial 0 / unfulfilled 1,"RECOVERY (paid, unfulfilled)"
ADAM MCCARTNEY,ADAM M.,adammccartney515@gmail.com,,Shopify,1,810.75,810.75,0.0,2026-07-20,2026-07-20,fulfilled 0 / partial 0 / unfulfilled 1,"RECOVERY (paid, unfulfilled)"
Andy Gonzalez,Andy G.,andy93landa2@gmail.com,,Shopify,3,808.71,808.71,0.0,2026-08-05,2026-08-07,fulfilled 0 / partial 0 / unfulfilled 3,"RECOVERY (paid, unfulfilled)"
MICHAEL KELLER,MICHAEL K.,michael.keller@bigthundermarine.com,BIG THUNDER MARINE/KEY HARBOR,Shopify,1,805.55,805.55,0.0,2026-05-19,2026-05-19,fulfilled 0 / partial 0 / unfulfilled 1,"RECOVERY (paid, unfulfilled)"
Gary Via,Gary V.,garyva@verizon.net,,Shopify,1,801.49,801.49,0.0,2026-08-24,2026-08-24,fulfilled 0 / partial 0 / unfulfilled 1,"RECOVERY (paid, unfulfilled)"
Jaycen Cole,Jaycen C.,marandaclark445@gmail.com,,Shopify,1,752.95,752.95,0.0,2026-07-21,2026-07-21,fulfilled 0 / partial 0 / unfulfilled 1,"RECOVERY (paid, unfulfilled)"
Julie Fields,Julie F.,juliefieldsmd@yahoo.com,,Shopify,1,721.02,721.02,0.0,2026-08-23,2026-08-23,fulfilled 0 / partial 0 / unfulfilled 1,"RECOVERY (paid, unfulfilled)"
David Ezzo,David E.,davidezzo@yahoo.com,3 Sun Solar,Shopify,1,695.2,695.2,0.0,2026-03-25,2026-03-25,fulfilled 0 / partial 0 / unfulfilled 1,"RECOVERY (paid, unfulfilled)"
luis raigosa,luis raigosa,lura240502@outlook.com,,Shopify,1,683.78,683.78,0.0,2026-07-17,2026-07-17,fulfilled 0 / partial 0 / unfulfilled 1,"RECOVERY (paid, unfulfilled)"
Dillon Christlieb,Dillon C.,dchristlieb@gmail.com,,Shopify,1,649.14,649.14,0.0,2026-08-04,2026-08-04,fulfilled 0 / partial 0 / unfulfilled 1,"RECOVERY (paid, unfulfilled)"
Stephen Reidy,Stephen R.,skydoc@ymail.com,,Shopify,1,628.21,628.21,0.0,2026-08-21,2026-08-21,fulfilled 0 / partial 0 / unfulfilled 1,"RECOVERY (paid, unfulfilled)"
Jefferson Keith,Jefferson K.,j_keith@me.com,,Shopify,1,623.49,623.49,0.0,2026-08-12,2026-08-12,fulfilled 0 / partial 0 / unfulfilled 1,"RECOVERY (paid, unfulfilled)"
Michael Morgan,Michael M.,mamaorgan2027@gmail.com,,Shopify,1,619.83,619.83,0.0,2026-07-24,2026-07-24,fulfilled 0 / partial 0 / unfulfilled 1,"RECOVERY (paid, unfulfilled)"
JJ Dupont,JJ D.,purchasing@ig.utexas.edu,UT Austin - UTIG,Shopify,1,618.06,618.06,0.0,2026-08-12,2026-08-12,fulfilled 0 / partial 0 / unfulfilled 1,"RECOVERY (paid, unfulfilled)"
Gary Peck,Gary P.,gary@garypeck.net,General Business Partners,Shopify,1,610.92,610.92,0.0,2026-08-12,2026-08-12,fulfilled 0 / partial 0 / unfulfilled 1,"RECOVERY (paid, unfulfilled)"
Bradley J Hazard,Bradley J Hazard,bradhazard@gmail.com,,Shopify,1,603.27,603.27,0.0,2026-08-26,2026-08-26,fulfilled 0 / partial 0 / unfulfilled 1,"RECOVERY (paid, unfulfilled)"
Brent Lamarand,Brent L.,forwardthinktech@gmail.com,FTT,Shopify,1,592.54,592.54,0.0,2026-07-25,2026-07-25,fulfilled 0 / partial 0 / unfulfilled 1,"RECOVERY (paid, unfulfilled)"
Anthony Falvo,Anthony F.,afal1966@aol.com,,Shopify,1,576.04,576.04,0.0,2026-03-23,2026-03-23,fulfilled 0 / partial 0 / unfulfilled 1,"RECOVERY (paid, unfulfilled)"
Louis Valsaint,Louis V.,louis@rhoweelectric.net,R Howe Electric Inc.,Shopify,1,558.48,558.48,0.0,2026-08-27,2026-08-27,fulfilled 0 / partial 0 / unfulfilled 1,"RECOVERY (paid, unfulfilled)"
Don Zimmerman,Don Z.,zimmelect@yahoo.com,"Zimmerman & Sons Electric, LLC",Shopify,1,554.96,554.96,0.0,2026-07-22,2026-07-22,fulfilled 0 / partial 0 / unfulfilled 1,"RECOVERY (paid, unfulfilled)"
Alex McDonald,Alex M.,alex.mcdonald@greentechrenewables.com,Greentech Renewables,Shopify,1,541.06,541.06,0.0,2026-07-22,2026-07-22,fulfilled 0 / partial 0 / unfulfilled 1,"RECOVERY (paid, unfulfilled)"
Jeremy Meier,Jeremy M.,jeremymeier@badgerlandexteriors.com,Badgerland Exteriors,Shopify,1,501.13,501.13,0.0,2026-07-30,2026-07-30,fulfilled 0 / partial 0 / unfulfilled 1,"RECOVERY (paid, unfulfilled)"
Wayne Holton,Wayne H.,sarahholton13@gmail.com,,Shopify,1,496.47,496.47,0.0,2026-05-21,2026-05-21,fulfilled 0 / partial 0 / unfulfilled 1,"RECOVERY (paid, unfulfilled)"
Steve Anderson,Steve A.,anderson93921@gmail.com,,Shopify,1,493.1,493.1,0.0,2026-07-06,2026-07-06,fulfilled 0 / partial 0 / unfulfilled 1,"RECOVERY (paid, unfulfilled)"
Richard Fong,Richard F.,twisty808@gmail.com,,Shopify,1,484.97,484.97,0.0,2026-08-09,2026-08-09,fulfilled 0 / partial 0 / unfulfilled 1,"RECOVERY (paid, unfulfilled)"
Elysa Dailey,Elysa D.,elysa.lackey@gmail.com,,Shopify,1,466.39,466.39,0.0,2026-08-15,2026-08-15,fulfilled 0 / partial 0 / unfulfilled 1,"RECOVERY (paid, unfulfilled)"
Juan Ramirez,Juan R.,felicitasarizmendi697@gmail.com,,Shopify,1,463.95,463.95,0.0,2026-08-10,2026-08-10,fulfilled 0 / partial 0 / unfulfilled 1,"RECOVERY (paid, unfulfilled)"
Jason Short,Jason S.,283short@gmail.com,,Shopify,1,462.02,462.02,0.0,2026-08-11,2026-08-11,fulfilled 0 / partial 0 / unfulfilled 1,"RECOVERY (paid, unfulfilled)"
Todd Eittreim,Todd E.,farm@globalgrowers.org,Global Growers,Shopify,1,454.7,454.7,0.0,2026-08-17,2026-08-17,fulfilled 0 / partial 0 / unfulfilled 1,"RECOVERY (paid, unfulfilled)"
Danny Sanchez,Danny S.,dsanchez@gosolara.com,Solara,Shopify,1,449.19,449.19,0.0,2026-08-28,2026-08-28,fulfilled 0 / partial 0 / unfulfilled 1,"RECOVERY (paid, unfulfilled)"
Dylan Cutter Smith,Dylan Cutter Smith,dylanrsmith256@gmail.com,,Shopify,1,434.55,434.55,0.0,2026-04-20,2026-04-20,fulfilled 0 / partial 0 / unfulfilled 1,"RECOVERY (paid, unfulfilled)"
Marc Gallardo,Marc G.,marcggremodeling@gmail.com,"G and G Remodeling, LLC",Shopify,1,422.04,422.04,0.0,2026-04-16,2026-04-16,fulfilled 0 / partial 0 / unfulfilled 1,"RECOVERY (paid, unfulfilled)"
adam rumpf,adam rumpf,aprenterprisescolorado@gmail.com,Apr,Shopify,1,416.81,416.81,0.0,2026-08-07,2026-08-07,fulfilled 0 / partial 0 / unfulfilled 1,"RECOVERY (paid, unfulfilled)"
Bradley Good,Bradley G.,bradleydavidgood@gmail.com,,Shopify,1,408.05,408.05,0.0,2026-06-27,2026-06-27,fulfilled 0 / partial 0 / unfulfilled 1,"RECOVERY (paid, unfulfilled)"
Cody Heller,Cody H.,heller1532@gmail.com,,Shopify,1,402.17,402.17,0.0,2026-08-10,2026-08-10,fulfilled 0 / partial 0 / unfulfilled 1,"RECOVERY (paid, unfulfilled)"
Amanda Mielke Amanda Mielke,Amanda Mielke Amanda Mielke,centuryelectricsolar@gmail.com,Century Electric Services LLC,Shopify,1,401.83,401.83,0.0,2026-07-24,2026-07-24,fulfilled 0 / partial 0 / unfulfilled 1,"RECOVERY (paid, unfulfilled)"
Bhanu Prasad,Bhanu P.,pedarla@gmail.com,,Shopify,1,399.93,399.93,0.0,2026-08-11,2026-08-11,fulfilled 0 / partial 0 / unfulfilled 1,"RECOVERY (paid, unfulfilled)"
mark cube,mark cube,knuckleheadocy@gmail.com,,Shopify,1,398.83,398.83,0.0,2026-08-06,2026-08-06,fulfilled 0 / partial 0 / unfulfilled 1,"RECOVERY (paid, unfulfilled)"
Jerry King,Jerry K.,kingdomdigitalmusic@gmail.com,,Shopify,1,390.15,390.15,0.0,2026-08-29,2026-08-29,fulfilled 0 / partial 0 / unfulfilled 1,"RECOVERY (paid, unfulfilled)"
SCOT R DARR,SCOT R DARR,scotdarr@gmail.com,,Shopify,1,389.88,389.88,0.0,2026-05-18,2026-05-18,fulfilled 0 / partial 0 / unfulfilled 1,"RECOVERY (paid, unfulfilled)"
Maryam Mehboob,Maryam M.,maryam56mehboob@gmail.com,test order,Shopify,2,389.88,389.88,0.0,2025-08-28,2025-08-29,fulfilled 0 / partial 0 / unfulfilled 2,"RECOVERY (paid, unfulfilled)"
Corey Craig,Corey C.,cnc22869@yahoo.com,,Shopify,1,380.67,380.67,0.0,2026-08-25,2026-08-25,fulfilled 0 / partial 0 / unfulfilled 1,"RECOVERY (paid, unfulfilled)"
Terence Singh,Terence S.,terencesingh@mac.com,,Shopify,1,353.94,353.94,0.0,2026-07-01,2026-07-01,fulfilled 0 / partial 0 / unfulfilled 1,"RECOVERY (paid, unfulfilled)"
Geoffrey Eich,Geoffrey E.,geoff@watchtowerfiredefense.com,Blue Note Therapeutics,Shopify,1,346.14,346.14,0.0,2026-02-27,2026-02-27,fulfilled 0 / partial 0 / unfulfilled 1,"RECOVERY (paid, unfulfilled)"
Alex Hamilton,Alex H.,mromega@powerdesigninc.us,Power Design,Shopify,1,322.08,322.08,0.0,2026-07-20,2026-07-20,fulfilled 0 / partial 0 / unfulfilled 1,"RECOVERY (paid, unfulfilled)"
Jeremiah Giuliano,Jeremiah G.,jj92777@gmail.com,,Shopify,1,311.15,311.15,0.0,2026-08-30,2026-08-30,fulfilled 0 / partial 0 / unfulfilled 1,"RECOVERY (paid, unfulfilled)"
Vernetta Faddis,Vernetta F.,vernfaddis1@gmail.com,,Shopify,1,298.81,298.81,0.0,2026-08-20,2026-08-20,fulfilled 0 / partial 0 / unfulfilled 1,"RECOVERY (paid, unfulfilled)"
brett shaffer,brett shaffer,brettshaffer03@gmail.com,,Shopify,1,284.59,284.59,0.0,2026-08-07,2026-08-07,fulfilled 0 / partial 0 / unfulfilled 1,"RECOVERY (paid, unfulfilled)"
Ana Romero,Ana R.,anaisaromero97@gmail.com,,Shopify,1,267.68,267.68,0.0,2026-07-31,2026-07-31,fulfilled 0 / partial 0 / unfulfilled 1,"RECOVERY (paid, unfulfilled)"
David Gawlik,David G.,,,Legacy ERP (pre-Riven) / Mercury,1,275.15,267.17,0.0,,,fulfilled 0 / partial 0 / unfulfilled 0,"RECOVERY (paid, unfulfilled)"
David Gawlik,David G.,david@mtnviewsolar.com,,Shopify,1,267.17,267.17,0.0,2026-06-07,2026-06-07,fulfilled 0 / partial 0 / unfulfilled 1,"RECOVERY (paid, unfulfilled)"
james pendleton,james pendleton,jameslpendleton@msn.com,,Shopify,1,252.26,252.26,0.0,2026-07-13,2026-07-13,fulfilled 0 / partial 0 / unfulfilled 1,"RECOVERY (paid, unfulfilled)"
Abbi Dempsey,Abbi D.,abbi.dempsey@gmail.com,,Shopify,1,246.34,246.34,0.0,2026-08-14,2026-08-14,fulfilled 0 / partial 0 / unfulfilled 1,"RECOVERY (paid, unfulfilled)"
James Kohler,James K.,wendagchristie@gmail.com,,Shopify,1,240.7,240.7,0.0,2026-08-13,2026-08-13,fulfilled 0 / partial 0 / unfulfilled 1,"RECOVERY (paid, unfulfilled)"
Brian Gulliver,Brian G.,gully78@gmail.com,,Shopify,1,235.5,235.5,0.0,2026-04-07,2026-04-07,fulfilled 0 / partial 0 / unfulfilled 1,"RECOVERY (paid, unfulfilled)"
Juan G Torres,Juan G Torres,jtor08@gmail.com,,Shopify,1,235.35,235.35,0.0,2026-07-22,2026-07-22,fulfilled 0 / partial 0 / unfulfilled 1,"RECOVERY (paid, unfulfilled)"
Ariel Blanco Ramos,Ariel Blanco Ramos,stacruz7702@yahoo.com,,Shopify,1,233.15,233.15,0.0,2026-08-29,2026-08-29,fulfilled 0 / partial 0 / unfulfilled 1,"RECOVERY (paid, unfulfilled)"
Steven Gencarelli,Steven G.,stevegencarelli@gmail.com,,Shopify,1,232.77,232.77,0.0,2026-05-26,2026-05-26,fulfilled 0 / partial 0 / unfulfilled 1,"RECOVERY (paid, unfulfilled)"
Daniel Zywietz,Daniel Z.,daniel@seksolar.com,SEK Solar LLC,Shopify,1,230.19,230.19,0.0,2026-06-26,2026-06-26,fulfilled 0 / partial 0 / unfulfilled 1,"RECOVERY (paid, unfulfilled)"
Christopher Perisho,Christopher P.,perisho@gmail.com,,Shopify,1,223.51,223.51,0.0,2026-06-01,2026-06-01,fulfilled 0 / partial 0 / unfulfilled 1,"RECOVERY (paid, unfulfilled)"
William Ramos,William R.,wram3@aol.com,,Shopify,1,218.73,218.73,0.0,2026-08-15,2026-08-15,fulfilled 0 / partial 0 / unfulfilled 1,"RECOVERY (paid, unfulfilled)"
Steven Dominie,Steven D.,djrnr03@gmail.com,,Shopify,1,213.2,213.2,0.0,2026-06-23,2026-06-23,fulfilled 0 / partial 0 / unfulfilled 1,"RECOVERY (paid, unfulfilled)"
Luis Rivera Zayas,Luis Rivera Zayas,luis.riverazayas@gmail.com,,Shopify,2,209.46,209.46,0.0,2026-08-07,2026-08-07,fulfilled 0 / partial 0 / unfulfilled 2,"RECOVERY (paid, unfulfilled)"
Yates Canipe,Yates C.,yatescanipe@yahoo.com,,Shopify,1,194.89,194.89,0.0,2026-08-13,2026-08-13,fulfilled 0 / partial 0 / unfulfilled 1,"RECOVERY (paid, unfulfilled)"
James Kaiser,James K.,ajkais@hotmail.com,,Shopify,1,186.35,186.35,0.0,2026-08-17,2026-08-17,fulfilled 0 / partial 0 / unfulfilled 1,"RECOVERY (paid, unfulfilled)"
Luis Cano,Luis C.,cano51150@gmail.com,,Shopify,1,166.3,166.3,0.0,2026-08-18,2026-08-18,fulfilled 0 / partial 0 / unfulfilled 1,"RECOVERY (paid, unfulfilled)"
Glenn Hunter,Glenn H.,glennhunter44@gmail.com,,Shopify,1,165.66,165.66,0.0,2026-08-25,2026-08-25,fulfilled 0 / partial 0 / unfulfilled 1,"RECOVERY (paid, unfulfilled)"
Ray Croteau,Ray C.,rcroteau@maine.rr.com,,Shopify,1,156.96,156.96,0.0,2026-08-14,2026-08-14,fulfilled 0 / partial 0 / unfulfilled 1,"RECOVERY (paid, unfulfilled)"
Kyle Hardy,Kyle H.,kylebrandonhardy@gmail.com,,Shopify,1,151.91,151.91,0.0,2026-06-28,2026-06-28,fulfilled 0 / partial 0 / unfulfilled 1,"RECOVERY (paid, unfulfilled)"
Erling Lofthus,Erling L.,evlofthu@paulbunyan.net,,Shopify,1,149.03,149.03,0.0,2026-08-18,2026-08-18,fulfilled 0 / partial 0 / unfulfilled 1,"RECOVERY (paid, unfulfilled)"
Alyssa Lake,Alyssa L.,alyssamariekaplan@gmail.com,,Shopify,1,128.14,128.14,0.0,2026-07-04,2026-07-04,fulfilled 0 / partial 0 / unfulfilled 1,"RECOVERY (paid, unfulfilled)"
Rick Baranowski,Rick B.,redbaran28@gmail.com,,Shopify,1,125.72,125.72,0.0,2026-08-20,2026-08-20,fulfilled 0 / partial 0 / unfulfilled 1,"RECOVERY (paid, unfulfilled)"
Arthur Chan,Arthur C.,arthurachan@gmail.com,C/O Joshua Rappaport,Shopify,1,125.14,125.14,0.0,2026-05-19,2026-05-19,fulfilled 0 / partial 0 / unfulfilled 1,"RECOVERY (paid, unfulfilled)"
alexander Rioux,alexander Rioux,riouxandsonsconstruction@gmail.com,Rioux and Sons construction,Shopify,1,119.48,119.48,0.0,2026-06-28,2026-06-28,fulfilled 0 / partial 0 / unfulfilled 1,"RECOVERY (paid, unfulfilled)"
Aaron Mark Lambirth,Aaron Mark Lambirth,aaronlambirth@gmail.com,,Shopify,1,115.75,115.75,0.0,2026-03-23,2026-03-23,fulfilled 0 / partial 0 / unfulfilled 1,"RECOVERY (paid, unfulfilled)"
anup modak,anup modak,amodak2014@gmail.com,,Shopify,1,115.21,115.21,0.0,2026-06-24,2026-06-24,fulfilled 0 / partial 0 / unfulfilled 1,"RECOVERY (paid, unfulfilled)"
Michael Montgomery,Michael M.,texaswatcher2001@gmail.com,,Shopify,1,113.71,113.71,0.0,2026-08-09,2026-08-09,fulfilled 0 / partial 0 / unfulfilled 1,"RECOVERY (paid, unfulfilled)"
ZACHARY JOHANN ASMUSSEN,ZACHARY JOHANN ASMUSSEN,zachary.a.muffin@gmail.com,,Shopify,1,104.3,104.3,0.0,2026-08-29,2026-08-29,fulfilled 0 / partial 0 / unfulfilled 1,"RECOVERY (paid, unfulfilled)"
Andrew Burns,Andrew B.,burnsae8@gmail.com,,Shopify,1,93.65,93.65,0.0,2026-07-20,2026-07-20,fulfilled 0 / partial 0 / unfulfilled 1,"RECOVERY (paid, unfulfilled)"
Eric Perkins,Eric P.,perkiner21@gmail.com,,Shopify,1,81.14,81.14,0.0,2026-08-03,2026-08-03,fulfilled 0 / partial 0 / unfulfilled 1,"RECOVERY (paid, unfulfilled)"
neal riebe,neal riebe,nealriebe@yahoo.com,,Shopify,1,80.01,80.01,0.0,2026-06-10,2026-06-10,fulfilled 0 / partial 0 / unfulfilled 1,"RECOVERY (paid, unfulfilled)"
Matthew Komatz,Matthew K.,00811893f40bb414ab15@members.ebay.com,,Shopify,1,79.66,79.66,0.0,2025-07-31,2025-07-31,fulfilled 0 / partial 0 / unfulfilled 1,"RECOVERY (paid, unfulfilled)"
Kevin Harkreader,Kevin H.,harkyk.ent@gmail.com,,Shopify,1,79.48,79.48,0.0,2026-04-23,2026-04-23,fulfilled 0 / partial 0 / unfulfilled 1,"RECOVERY (paid, unfulfilled)"
clifton cram,clifton cram,cramcliff@icloud.com,,Shopify,1,78.11,78.11,0.0,2026-04-28,2026-04-28,fulfilled 0 / partial 0 / unfulfilled 1,"RECOVERY (paid, unfulfilled)"
Raymond Zola,Raymond Z.,rayz@solarguardiansusa.com,,Shopify,1,74.05,74.05,0.0,2026-03-24,2026-03-24,fulfilled 0 / partial 0 / unfulfilled 1,"RECOVERY (paid, unfulfilled)"
Donna Brodman,Donna B.,purchasing@americansolar.net,American Solar Corp,Shopify,1,73.02,73.02,0.0,2026-06-23,2026-06-23,fulfilled 0 / partial 0 / unfulfilled 1,"RECOVERY (paid, unfulfilled)"
Robert Williams,Robert W.,robert.williams538@gmail.com,Prime Goods Ltd,Shopify,1,70.79,70.79,0.0,2026-06-21,2026-06-21,fulfilled 0 / partial 0 / unfulfilled 1,"RECOVERY (paid, unfulfilled)"
Jesus Carrasco,Jesus C.,addonelectric@gmail.com,Add On Electric,Shopify,1,67.42,67.42,0.0,2026-08-11,2026-08-11,fulfilled 0 / partial 0 / unfulfilled 1,"RECOVERY (paid, unfulfilled)"
Emerson Bostrom,Emerson B.,emerson@standardgc.net,Mogar Construction,Shopify,1,67.01,67.01,0.0,2026-07-17,2026-07-17,fulfilled 0 / partial 0 / unfulfilled 1,"RECOVERY (paid, unfulfilled)"
Ronald Warren,Ronald W.,ron.warren00@yahoo.com,,Shopify,1,51.91,51.91,0.0,2026-08-30,2026-08-30,fulfilled 0 / partial 0 / unfulfilled 1,"RECOVERY (paid, unfulfilled)"
Dean Carpenter,Dean C.,dcarpentdean@gmail.com,,Shopify,1,47.42,47.42,0.0,2026-08-28,2026-08-28,fulfilled 0 / partial 0 / unfulfilled 1,"RECOVERY (paid, unfulfilled)"
Matthew Buitenkamp,Matthew B.,mattflys7@yahoo.com,,Shopify,1,44.05,44.05,0.0,2026-06-09,2026-06-09,fulfilled 0 / partial 0 / unfulfilled 1,"RECOVERY (paid, unfulfilled)"
Cameron Hoffman,Cameron H.,purchasing@ari-hetra.com,ARI-Hetra,Shopify,1,40.97,40.97,0.0,2026-08-06,2026-08-06,fulfilled 0 / partial 0 / unfulfilled 1,"RECOVERY (paid, unfulfilled)"
Kernwyn Collins,Kernwyn C.,kernwyn1@hotmail.com,,Shopify,1,36.23,36.23,0.0,2026-08-05,2026-08-05,fulfilled 0 / partial 0 / unfulfilled 1,"RECOVERY (paid, unfulfilled)"
Danielle Singh,Danielle S.,admin@solux.energy,,Shopify,1,30.34,30.34,0.0,2026-06-23,2026-06-23,fulfilled 0 / partial 0 / unfulfilled 1,"RECOVERY (paid, unfulfilled)"
Sarah Wilson,Sarah W.,sarah.wilson963@gmail.com,Summit Trading,Shopify,1,28.52,28.52,0.0,2026-06-21,2026-06-21,fulfilled 0 / partial 0 / unfulfilled 1,"RECOVERY (paid, unfulfilled)"
Anna Taylor,Anna T.,anna.taylor35@gmail.com,Summit Trading,Shopify,1,26.16,26.16,0.0,2026-06-21,2026-06-21,fulfilled 0 / partial 0 / unfulfilled 1,"RECOVERY (paid, unfulfilled)"
Robert Williams,Robert W.,robert.williams630@gmail.com,Prime Goods Ltd,Shopify,1,26.01,26.01,0.0,2026-06-21,2026-06-21,fulfilled 0 / partial 0 / unfulfilled 1,"RECOVERY (paid, unfulfilled)"
Gordon Gummow,Gordon G.,gordonlgummow@msn.com,,Shopify,1,25.55,25.55,0.0,2026-08-20,2026-08-20,fulfilled 0 / partial 0 / unfulfilled 1,"RECOVERY (paid, unfulfilled)"
Hopi Utilities Corporation,Hopi Utilities Corporation,,,Legacy ERP (pre-Riven) / Mercury,2,87175.0,0.0,0.0,,,fulfilled 0 / partial 0 / unfulfilled 0,paid (closed)
DP086 Diamond Solar VI,DP086 Diamond Solar VI,,,Legacy ERP (pre-Riven) / Mercury,2,84810.49,0.0,0.0,,,fulfilled 0 / partial 0 / unfulfilled 0,paid (closed)
Trinity Power,Trinity Power,,,Legacy ERP (pre-Riven) / Mercury,2,66051.36,0.0,0.0,,,fulfilled 0 / partial 0 / unfulfilled 0,paid (closed)
Barkley Solar,Barkley Solar,,,Legacy ERP (pre-Riven) / Mercury,8,54669.55,0.0,0.0,,,fulfilled 0 / partial 0 / unfulfilled 0,paid (closed)
POWER STORE,POWER STORE,,,Legacy ERP (pre-Riven) / Mercury,1,39500.0,0.0,0.0,,,fulfilled 0 / partial 0 / unfulfilled 0,paid (closed)
Pawan Kumar,Pawan K.,,,Legacy ERP (pre-Riven) / Mercury,3,33808.19,0.0,0.0,,,fulfilled 0 / partial 0 / unfulfilled 0,paid (closed)
Wright-Way Services,Wright-Way Services,,,Legacy ERP (pre-Riven) / Mercury,3,27788.59,0.0,0.0,,,fulfilled 0 / partial 0 / unfulfilled 0,paid (closed)
TENCO SOLAR,TENCO SOLAR,,,Legacy ERP (pre-Riven) / Mercury,3,21903.93,0.0,0.0,,,fulfilled 0 / partial 0 / unfulfilled 0,paid (closed)
Brian Rhew,Brian R.,,,Legacy ERP (pre-Riven) / Mercury,1,21636.14,0.0,0.0,,,fulfilled 0 / partial 0 / unfulfilled 0,paid (closed)
BROWN AND SON'S,BROWN AND SON'S,,,Legacy ERP (pre-Riven) / Mercury,1,21634.53,0.0,0.0,,,fulfilled 0 / partial 0 / unfulfilled 0,paid (closed)
Solar Energy Solutions,Solar Energy Solutions,,,Legacy ERP (pre-Riven) / Mercury,2,21111.63,0.0,0.0,,,fulfilled 0 / partial 0 / unfulfilled 0,paid (closed)
Mark Russell,Mark R.,,,Legacy ERP (pre-Riven) / Mercury,3,18857.08,0.0,0.0,,,fulfilled 0 / partial 0 / unfulfilled 0,paid (closed)
Morgan Kennedy,Morgan K.,,,Legacy ERP (pre-Riven) / Mercury,1,18030.0,0.0,0.0,,,fulfilled 0 / partial 0 / unfulfilled 0,paid (closed)
Morgan Kennedy,Morgan K.,mkennedy@syncrenewables.com,"Sync Renewables, LLC",Shopify,1,17345.86,0.0,0.0,2026-07-29,2026-07-29,fulfilled 1 / partial 0 / unfulfilled 0,paid (closed)
Plankton Energy,Plankton Energy,,,Legacy ERP (pre-Riven) / Mercury,1,14878.67,0.0,0.0,,,fulfilled 0 / partial 0 / unfulfilled 0,paid (closed)
Penn Tasinga,Penn T.,,,Legacy ERP (pre-Riven) / Mercury,1,13176.66,0.0,0.0,,,fulfilled 0 / partial 0 / unfulfilled 0,paid (closed)
Ian Clark,Ian C.,,,Legacy ERP (pre-Riven) / Mercury,1,11538.42,0.0,0.0,,,fulfilled 0 / partial 0 / unfulfilled 0,paid (closed)
Brian Morris,Brian M.,,,Legacy ERP (pre-Riven) / Mercury,1,9361.32,0.0,0.0,,,fulfilled 0 / partial 0 / unfulfilled 0,paid (closed)
RC City,RC C.,,,Legacy ERP (pre-Riven) / Mercury,1,8850.0,0.0,0.0,,,fulfilled 0 / partial 0 / unfulfilled 0,paid (closed)
Daniel Barrett,Daniel B.,,,Legacy ERP (pre-Riven) / Mercury,1,8590.39,0.0,0.0,,,fulfilled 0 / partial 0 / unfulfilled 0,paid (closed)
"Solar Energy Systems, LLC","Solar Energy Systems, LLC",,,Legacy ERP (pre-Riven) / Mercury,1,8345.0,0.0,0.0,,,fulfilled 0 / partial 0 / unfulfilled 0,paid (closed)
"Acme Scenic & Display, Inc.","Acme Scenic & Display, Inc.",,,Legacy ERP (pre-Riven) / Mercury,1,6740.69,0.0,0.0,,,fulfilled 0 / partial 0 / unfulfilled 0,paid (closed)
Wolf River Electric,Wolf River Electric,,,Legacy ERP (pre-Riven) / Mercury,2,6271.7,0.0,0.0,,,fulfilled 0 / partial 0 / unfulfilled 0,paid (closed)
Captain Power LLC,Captain Power LLC,,,Legacy ERP (pre-Riven) / Mercury,1,5758.47,0.0,0.0,,,fulfilled 0 / partial 0 / unfulfilled 0,paid (closed)
Jan strand,Jan strand,info@bedrocksolar.com,,Shopify,1,5642.6,0.0,0.0,2025-12-06,2025-12-06,fulfilled 1 / partial 0 / unfulfilled 0,paid (closed)
Glen McGillan,Glen M.,mcgillan@gmail.com,,Shopify,1,5489.59,0.0,0.0,2025-08-03,2025-08-03,fulfilled 1 / partial 0 / unfulfilled 0,paid (closed)
Ameresco Solar LLC,Ameresco Solar LLC,,,Legacy ERP (pre-Riven) / Mercury,1,5389.54,0.0,0.0,,,fulfilled 0 / partial 0 / unfulfilled 0,paid (closed)
CalSolar Inc.,CalSolar Inc.,,,Legacy ERP (pre-Riven) / Mercury,2,5265.96,0.0,0.0,,,fulfilled 0 / partial 0 / unfulfilled 0,paid (closed)
Wolf Track Energy,Wolf Track Energy,,,Legacy ERP (pre-Riven) / Mercury,2,5141.14,0.0,0.0,,,fulfilled 0 / partial 0 / unfulfilled 0,paid (closed)
Isabel Mendoza,Isabel M.,,,Legacy ERP (pre-Riven) / Mercury,1,4208.11,0.0,0.0,,,fulfilled 0 / partial 0 / unfulfilled 0,paid (closed)
Infinity Energy,Infinity Energy,,,Legacy ERP (pre-Riven) / Mercury,1,4184.07,0.0,0.0,,,fulfilled 0 / partial 0 / unfulfilled 0,paid (closed)
Monterey Gardiner,Monterey G.,,,Legacy ERP (pre-Riven) / Mercury,1,3797.25,0.0,0.0,,,fulfilled 0 / partial 0 / unfulfilled 0,paid (closed)
Bryce Berggren,Bryce B.,bryce.berggren@calsolarinc.com,CalSolar,Shopify,1,3657.95,0.0,0.0,2025-09-10,2025-09-10,fulfilled 1 / partial 0 / unfulfilled 0,paid (closed)
Jesse Diaz,Jesse D.,doneriteelectric@yahoo.com,Done Rite Electric,Shopify,1,3432.45,0.0,0.0,2026-02-03,2026-02-03,fulfilled 1 / partial 0 / unfulfilled 0,paid (closed)
Miles Broske,Miles B.,,,Legacy ERP (pre-Riven) / Mercury,1,3339.03,0.0,0.0,,,fulfilled 0 / partial 0 / unfulfilled 0,paid (closed)
Michael DalCin,Michael D.,0081059bec41428f35c1@members.ebay.com,,Shopify,1,3188.25,0.0,0.0,2025-07-29,2025-07-29,fulfilled 1 / partial 0 / unfulfilled 0,paid (closed)
Jim Bustillo,Jim B.,,,Legacy ERP (pre-Riven) / Mercury,2,3170.08,0.0,0.0,,,fulfilled 0 / partial 0 / unfulfilled 0,paid (closed)
Jeremy Pogue,Jeremy P.,,,Legacy ERP (pre-Riven) / Mercury,1,3045.82,0.0,0.0,,,fulfilled 0 / partial 0 / unfulfilled 0,paid (closed)
Carlton Amdahl,Carlton A.,,,Legacy ERP (pre-Riven) / Mercury,1,2980.72,0.0,0.0,,,fulfilled 0 / partial 0 / unfulfilled 0,paid (closed)
Julian F. De Zulueta,Julian F. De Zulueta,,,Legacy ERP (pre-Riven) / Mercury,1,2892.73,0.0,0.0,,,fulfilled 0 / partial 0 / unfulfilled 0,paid (closed)
Shirley Swanson,Shirley S.,,,Legacy ERP (pre-Riven) / Mercury,2,2679.33,0.0,0.0,,,fulfilled 0 / partial 0 / unfulfilled 0,paid (closed)
James Stephens,James S.,,,Legacy ERP (pre-Riven) / Mercury,1,2650.96,0.0,0.0,,,fulfilled 0 / partial 0 / unfulfilled 0,paid (closed)
Flores Photovoltaics LLC,Flores Photovoltaics LLC,,,Legacy ERP (pre-Riven) / Mercury,1,2636.95,0.0,0.0,,,fulfilled 0 / partial 0 / unfulfilled 0,paid (closed)
BACKER ABU-JARADEH,BACKER A.,team.baytconstruction@gmail.com,Bayt Construction,Shopify,1,2254.2,0.0,0.0,2026-02-13,2026-02-13,fulfilled 1 / partial 0 / unfulfilled 0,paid (closed)
Thomas Jeffers Jr,Thomas Jeffers Jr,,,Legacy ERP (pre-Riven) / Mercury,1,2058.93,0.0,0.0,,,fulfilled 0 / partial 0 / unfulfilled 0,paid (closed)
Jesse Diaz,Jesse D.,,,Legacy ERP (pre-Riven) / Mercury,1,1943.25,0.0,0.0,,,fulfilled 0 / partial 0 / unfulfilled 0,paid (closed)
Chris Bush,Chris B.,,,Legacy ERP (pre-Riven) / Mercury,1,1916.79,0.0,0.0,,,fulfilled 0 / partial 0 / unfulfilled 0,paid (closed)
Cody Buick,Cody B.,,,Legacy ERP (pre-Riven) / Mercury,2,1899.84,0.0,0.0,,,fulfilled 0 / partial 0 / unfulfilled 0,paid (closed)
Phil Deur,Phil D.,,,Legacy ERP (pre-Riven) / Mercury,1,1855.87,0.0,0.0,,,fulfilled 0 / partial 0 / unfulfilled 0,paid (closed)
Ellen Bebee,Ellen B.,lgbnokomis@hotmail.com,,Shopify,1,1817.23,0.0,0.0,2026-01-30,2026-01-30,fulfilled 1 / partial 0 / unfulfilled 0,paid (closed)
Ellen Bebee,Ellen B.,,,Legacy ERP (pre-Riven) / Mercury,1,1817.23,0.0,0.0,,,fulfilled 0 / partial 0 / unfulfilled 0,paid (closed)
"IntegrateSun, LLC","IntegrateSun, LLC",,,Legacy ERP (pre-Riven) / Mercury,1,1805.22,0.0,0.0,,,fulfilled 0 / partial 0 / unfulfilled 0,paid (closed)
Tom Przybyla,Tom P.,tom.p@suntrailenergy.com,Suntrail Energy,Shopify,1,1770.35,0.0,0.0,2025-12-12,2025-12-12,fulfilled 1 / partial 0 / unfulfilled 0,paid (closed)
Suntrail Energy,Suntrail Energy,,,Legacy ERP (pre-Riven) / Mercury,1,1770.35,0.0,0.0,,,fulfilled 0 / partial 0 / unfulfilled 0,paid (closed)
Joseph Bork,Joseph B.,4084151779c27fb6d384@members.ebay.com,,Shopify,1,1633.54,0.0,0.0,2025-07-29,2025-07-29,fulfilled 1 / partial 0 / unfulfilled 0,paid (closed)
Chad Hancock,Chad H.,406902a90b5dcfcee642@members.ebay.com,,Shopify,1,1562.54,0.0,0.0,2025-07-24,2025-07-24,fulfilled 1 / partial 0 / unfulfilled 0,paid (closed)
Lalchan Samichand,Lalchan S.,,,Legacy ERP (pre-Riven) / Mercury,1,1537.28,0.0,0.0,,,fulfilled 0 / partial 0 / unfulfilled 0,paid (closed)
Steven Ciarleglio,Steven C.,,,Legacy ERP (pre-Riven) / Mercury,1,1527.93,0.0,0.0,,,fulfilled 0 / partial 0 / unfulfilled 0,paid (closed)
Stanley Hatch,Stanley H.,00824d5b4a2001769c6a@members.ebay.com,,Shopify,1,1526.85,0.0,0.0,2025-09-04,2025-09-04,fulfilled 1 / partial 0 / unfulfilled 0,paid (closed)
DavidElwee McElwee,DavidElwee M.,0406d602469c4b2f7e54@members.ebay.com,,Shopify,1,1485.87,0.0,0.0,2025-07-25,2025-07-25,fulfilled 1 / partial 0 / unfulfilled 0,paid (closed)
MN8 ENERGY,MN8 ENERGY,,,Legacy ERP (pre-Riven) / Mercury,1,1441.86,0.0,0.0,,,fulfilled 0 / partial 0 / unfulfilled 0,paid (closed)
Jean Ummel,Jean U.,,,Legacy ERP (pre-Riven) / Mercury,1,1418.02,0.0,0.0,,,fulfilled 0 / partial 0 / unfulfilled 0,paid (closed)
Stanley Hatch,Stanley H.,,,Legacy ERP (pre-Riven) / Mercury,1,1404.79,0.0,0.0,,,fulfilled 0 / partial 0 / unfulfilled 0,paid (closed)
Clarence Felzien,Clarence F.,403a639b6c60938c3149@members.ebay.com,,Shopify,1,1362.14,0.0,0.0,2025-07-24,2025-07-24,fulfilled 1 / partial 0 / unfulfilled 0,paid (closed)
Jose Campos,Jose C.,,,Legacy ERP (pre-Riven) / Mercury,1,1215.3,0.0,0.0,,,fulfilled 0 / partial 0 / unfulfilled 0,paid (closed)
"California Pacific Technical Services, LLC","California Pacific Technical Services, LLC",,,Legacy ERP (pre-Riven) / Mercury,1,1215.28,0.0,0.0,,,fulfilled 0 / partial 0 / unfulfilled 0,paid (closed)
Kevin Kowalchuk,Kevin K.,01021d8c94b4573806fd@members.ebay.com,,Shopify,1,1147.47,0.0,0.0,2025-07-30,2025-07-30,fulfilled 1 / partial 0 / unfulfilled 0,paid (closed)
Ryan Welsch,Ryan W.,,,Legacy ERP (pre-Riven) / Mercury,1,1119.2,0.0,0.0,,,fulfilled 0 / partial 0 / unfulfilled 0,paid (closed)
Ryan Welsch,Ryan W.,0104e237444559f801b9@members.ebay.com,,Shopify,1,1095.69,0.0,0.0,2025-09-01,2025-09-01,fulfilled 1 / partial 0 / unfulfilled 0,paid (closed)
Benjamin Chady,Benjamin C.,benc@activesolarusa.com,Active Solar Development,Shopify,1,1023.61,0.0,0.0,2025-12-05,2025-12-05,fulfilled 1 / partial 0 / unfulfilled 0,paid (closed)
ObsidianWorks,ObsidianWorks,,,Legacy ERP (pre-Riven) / Mercury,1,1005.15,0.0,0.0,,,fulfilled 0 / partial 0 / unfulfilled 0,paid (closed)
Green Muscle Solar,Green Muscle Solar,,,Legacy ERP (pre-Riven) / Mercury,1,964.25,0.0,0.0,,,fulfilled 0 / partial 0 / unfulfilled 0,paid (closed)
"Solar Sme, Inc.","Solar Sme, Inc.",,,Legacy ERP (pre-Riven) / Mercury,1,847.29,0.0,0.0,,,fulfilled 0 / partial 0 / unfulfilled 0,paid (closed)
SunSent Solar,SunSent Solar,,,Legacy ERP (pre-Riven) / Mercury,1,800.0,0.0,0.0,,,fulfilled 0 / partial 0 / unfulfilled 0,paid (closed)
Christine Shanks,Christine S.,nigel_hell@hotmail.com,,Shopify,1,796.74,0.0,0.0,2026-03-07,2026-03-07,fulfilled 1 / partial 0 / unfulfilled 0,paid (closed)
1133633Mark Zattiero,1133633Mark Zattiero,riddler@zatcave.org,,Shopify,1,784.49,0.0,0.0,2025-12-01,2025-12-01,fulfilled 1 / partial 0 / unfulfilled 0,paid (closed)
Chromak Research.Inc,Chromak R.,,,Legacy ERP (pre-Riven) / Mercury,1,746.72,0.0,0.0,,,fulfilled 0 / partial 0 / unfulfilled 0,paid (closed)
Solar Home Energy Solutions,Solar Home Energy Solutions,,,Legacy ERP (pre-Riven) / Mercury,1,604.06,0.0,0.0,,,fulfilled 0 / partial 0 / unfulfilled 0,paid (closed)
Scott Benson,Scott B.,,,Legacy ERP (pre-Riven) / Mercury,1,521.06,0.0,0.0,,,fulfilled 0 / partial 0 / unfulfilled 0,paid (closed)
John Petersen,John P.,,,Legacy ERP (pre-Riven) / Mercury,1,520.53,0.0,0.0,,,fulfilled 0 / partial 0 / unfulfilled 0,paid (closed)
John Petersen,John P.,jpetersen@revisionenergy.com,Revision Energy,Shopify,1,504.0,0.0,0.0,2026-08-03,2026-08-03,fulfilled 1 / partial 0 / unfulfilled 0,paid (closed)
Mark Huxnett,Mark H.,marxman.13@gmail.com,,Shopify,1,499.71,0.0,0.0,2026-02-03,2026-02-03,fulfilled 1 / partial 0 / unfulfilled 0,paid (closed)
Mark Huxnett,Mark H.,,,Legacy ERP (pre-Riven) / Mercury,1,499.71,0.0,0.0,,,fulfilled 0 / partial 0 / unfulfilled 0,paid (closed)
Heidi Skogseth,Heidi S.,hmskogs@gmail.com,,Shopify,1,405.9,0.0,0.0,2025-10-27,2025-10-27,fulfilled 1 / partial 0 / unfulfilled 0,paid (closed)
Brian Davis,Brian D.,bcdia2dayy@gmail.com,,Shopify,1,381.91,0.0,0.0,2026-01-29,2026-01-29,fulfilled 1 / partial 0 / unfulfilled 0,paid (closed)
Italo M Genesi,Italo M Genesi,italo_genesi@mac.com,Genesi Alliance,Shopify,1,360.37,0.0,0.0,2026-01-28,2026-01-28,fulfilled 1 / partial 0 / unfulfilled 0,paid (closed)
Petros Tsingelis,Petros T.,stinger28425@gmail.com,,Shopify,1,359.53,0.0,0.0,2026-01-25,2026-01-25,fulfilled 1 / partial 0 / unfulfilled 0,paid (closed)
Jacqueline Lowther,Jacqueline L.,,,Legacy ERP (pre-Riven) / Mercury,1,358.57,0.0,0.0,,,fulfilled 0 / partial 0 / unfulfilled 0,paid (closed)
Kevin Sova,Kevin S.,kcsova@gmail.com,,Shopify,1,308.04,0.0,0.0,2026-01-30,2026-01-30,fulfilled 1 / partial 0 / unfulfilled 0,paid (closed)
Chris Lull,Chris L.,916smog@gmail.com,,Shopify,1,281.15,0.0,0.0,2025-07-14,2025-07-14,fulfilled 1 / partial 0 / unfulfilled 0,paid (closed)
Jason Feng,Jason F.,,,Legacy ERP (pre-Riven) / Mercury,1,229.35,0.0,0.0,,,fulfilled 0 / partial 0 / unfulfilled 0,paid (closed)
Jason Feng,Jason F.,nyjasonfeng@gmail.com,,Shopify,1,222.7,0.0,0.0,2026-07-06,2026-07-06,fulfilled 1 / partial 0 / unfulfilled 0,paid (closed)
Jane Huddleston,Jane H.,jane@jcosolar.com,,Shopify,1,219.0,0.0,0.0,2025-07-17,2025-07-17,fulfilled 1 / partial 0 / unfulfilled 0,paid (closed)
Greg Mckenna,Greg M.,,,Legacy ERP (pre-Riven) / Mercury,1,218.57,0.0,0.0,,,fulfilled 0 / partial 0 / unfulfilled 0,paid (closed)
Thomas Bookhamer,Thomas B.,tbookhamer@msn.com,,Shopify,1,207.75,0.0,0.0,2025-11-17,2025-11-17,fulfilled 1 / partial 0 / unfulfilled 0,paid (closed)
Scott O'Leary,Scott O.,,,Legacy ERP (pre-Riven) / Mercury,1,167.27,0.0,0.0,,,fulfilled 0 / partial 0 / unfulfilled 0,paid (closed)
Mark Mccleery,Mark M.,,,Legacy ERP (pre-Riven) / Mercury,1,157.45,0.0,0.0,,,fulfilled 0 / partial 0 / unfulfilled 0,paid (closed)
Rioux and Sons construction,Rioux and Sons construction,,,Legacy ERP (pre-Riven) / Mercury,1,135.38,0.0,0.0,,,fulfilled 0 / partial 0 / unfulfilled 0,paid (closed)
Mark Mccleery,Mark M.,mmccleery84@gmail.com,,Shopify,1,130.31,0.0,0.0,2026-07-31,2026-07-31,fulfilled 1 / partial 0 / unfulfilled 0,paid (closed)
Fred Enist,Fred E.,,,Legacy ERP (pre-Riven) / Mercury,1,120.68,0.0,0.0,,,fulfilled 0 / partial 0 / unfulfilled 0,paid (closed)
Mark Beatty,Mark B.,markbeatty33@gmail.com,,Shopify,1,57.11,0.0,0.0,2025-11-17,2025-11-17,fulfilled 1 / partial 0 / unfulfilled 0,paid (closed)
Mark Beatty,Mark B.,,,Legacy ERP (pre-Riven) / Mercury,1,57.11,0.0,0.0,,,fulfilled 0 / partial 0 / unfulfilled 0,paid (closed)
test test,test test,test@gamil.com,,Shopify,1,0.0,0.0,0.0,2025-09-15,2025-09-15,fulfilled 0 / partial 0 / unfulfilled 1,lead
Demo Order,Demo O.,maniramola111@gmail.com,,Shopify,1,0.0,0.0,0.0,2025-08-26,2025-08-26,fulfilled 0 / partial 0 / unfulfilled 1,lead
Bailey Hood,Bailey H.,hoodbailey85@gmail.com,,Shopify,3,0.0,0.0,0.0,2025-08-19,2025-08-19,fulfilled 0 / partial 0 / unfulfilled 3,lead
Alex Cassilly,Alex C.,dejan@portlandiaelectric.supply,,Shopify,1,0.0,0.0,0.0,2025-07-01,2025-07-01,fulfilled 0 / partial 0 / unfulfilled 1,lead
