date,amount,counterparty,kind,status,account
2025-01-24,500.0,U.S. Bank - Checking ••6568,externalTransfer,sent,68f65752
2025-02-03,8402.77,STR CAPITAL LLC DBA CASSILLY CAPITA,incomingDomesticWire,sent,68f65752
2025-02-13,1400.0,PORTLANDIA ELECTRIC SUPPLY LLC,incomingDomesticWire,sent,68f65752
2025-02-18,154.18,STRIPE,other,sent,68f96186
2025-02-19,1526.23,STRIPE,other,sent,68f96186
2025-02-25,699.53,STRIPE,other,sent,68f96186
2025-02-26,1225.98,PORTLANDIA ELECTRIC SUPPLY,incomingDomesticWire,sent,68f65752
2025-02-27,10609.5,GRAY DUCK SOLAR LLC,other,sent,68f65752
2025-02-28,13587.35,STRIPE,other,sent,68f96186
2025-02-28,22.0,Upwork,other,sent,68f65752
2025-03-12,28615.71,STR CAPITAL LLC DBA CASSILLY CAPITA,incomingDomesticWire,sent,68f65752
2025-03-13,543.56,STRIPE,other,sent,68f96186
2025-03-14,0.45,SDFCU,other,sent,c19ba7a6
2025-03-14,0.11,SDFCU,other,sent,c19ba7a6
2025-03-14,0.35,WELLS FARGO IFI,other,sent,c19ba7a6
2025-03-14,0.06,NFCU,other,sent,c19ba7a6
2025-03-14,0.09,WELLS FARGO IFI,other,sent,c19ba7a6
2025-03-14,0.11,NFCU,other,sent,c19ba7a6
2025-03-14,2616.27,Nicole - Sunsync,other,sent,68f65752
2025-03-15,110.0,Upwork,other,sent,68f65752
2025-03-19,2192.44,1/SOLAR ADVOCACY GROUP LLC,incomingDomesticWire,sent,68f65752
2025-03-21,1050.0,RETI SOLAR LLC,other,sent,68f65752
2025-03-24,1135.75,1/SOLAR ADVOCACY GROUP LLC,incomingDomesticWire,sent,68f65752
2025-03-25,15.44,Upwork,other,sent,68f65752
2025-03-26,110.0,Upwork,other,sent,68f65752
2025-03-26,2760.0,1/SOLAR ADVOCACY GROUP LLC,incomingDomesticWire,sent,68f65752
2025-03-31,5435.0,COOL EARTH SOLAR,other,sent,68f65752
2025-03-31,22348.16,PORTLANDIA ELECTRIC SUPPLY,incomingDomesticWire,sent,68f65752
2025-04-01,474.25,JONATHAN PAUL BROWN OR TABITHA,other,sent,68f65752
2025-04-02,6400.0,1/SOLAR ADVOCACY GROUP LLC,incomingDomesticWire,sent,68f65752
2025-04-02,17500.0,STR CAPITAL LLC DBA CASSILLY CAPITA,incomingDomesticWire,sent,68f65752
2025-04-03,0.64,SDFCU,other,sent,c19ba7a6
2025-04-03,207.0,*PORTLANDIA ELEC,other,sent,c19ba7a6
2025-04-03,0.71,SDFCU,other,sent,c19ba7a6
2025-04-04,57.49,Upwork,other,sent,68f65752
2025-04-10,55.0,Upwork,other,sent,68f65752
2025-04-10,643.0,*PORTLANDIA ELEC,other,sent,c19ba7a6
2025-04-10,295.0,COOL EARTH SOLAR,other,sent,68f65752
2025-04-10,92.94,STRIPE,other,sent,68f96186
2025-04-10,5443.52,THOMAS W HAUGEN,incomingDomesticWire,sent,68f65752
2025-04-15,110.0,Upwork,other,sent,68f65752
2025-04-16,8757.0,AE Media Group LLC dba - Solar Maid-Solar Armor,other,sent,6d3fe35c
2025-04-21,6350.0,1/SOLAR ADVOCACY GROUP LLC,incomingDomesticWire,sent,68f65752
2025-04-21,2800.0,1/SOLAR ADVOCACY GROUP LLC,incomingDomesticWire,sent,68f65752
2025-04-23,2650.0,eBay,other,sent,68f65752
2025-04-25,165.0,Upwork,other,sent,68f65752
2025-04-25,2.0,pdfFiller,other,sent,68f65752
2025-04-25,55.0,Upwork,other,sent,68f65752
2025-04-29,362.75,STRIPE,other,sent,68f96186
2025-05-02,981.66,PEARCE WORLDWIDE,other,sent,735cbb24
2025-05-03,165.0,Upwork,other,sent,68f65752
2025-05-05,693.86,STRIPE,other,sent,68f96186
2025-05-08,3995.0,COOL EARTH SOLAR,other,sent,84738c20
2025-05-09,2159.62,WooPayments,other,sent,68f96186
2025-05-15,3954.5,E2SOL LLC,other,sent,84738c20
2025-05-15,20216.69,STRIPE,other,sent,68f96186
2025-05-16,5432.38,STRIPE,other,sent,68f96186
2025-05-17,91.17,eBay,other,sent,68f65752
2025-05-20,5291.65,STRIPE,other,sent,68f96186
2025-05-20,67.29,STRIPE,other,sent,68f96186
2025-05-20,78.23,Mercury IO Cashback,other,sent,6d3fe35c
2025-05-21,12867.07,STRIPE,other,sent,68f96186
2025-05-22,1644.71,STRIPE,other,sent,68f96186
2025-05-27,143.03,Mercury IO Cashback,other,sent,735cbb24
2025-05-28,114.99,Upwork,other,sent,68f65752
2025-05-28,220.0,Upwork,other,sent,68f65752
2025-05-29,395.83,STRIPE,other,sent,68f96186
2025-05-29,6.0,PORTLANDIA ELECTRIC SUPPLY,incomingDomesticWire,sent,883942fa
2025-05-29,5.0,PORTLANDIA ELECTRIC SUPPLY,incomingDomesticWire,sent,883942fa
2025-05-29,5.0,PORTLANDIA ELECTRIC SUPPLY,incomingDomesticWire,sent,883942fa
2025-06-01,0.01,Savings Interest,interestPayment,sent,68f96186
2025-06-04,66.9,STRIPE,other,sent,68f96186
2025-06-06,620.27,STRIPE,other,sent,68f96186
2025-06-15,136.05,Mercury IO Cashback,other,sent,68f96186
2025-06-17,0.23,SDFCU,other,sent,68f65752
2025-06-17,0.36,SDFCU,other,sent,68f65752
2025-06-17,6074.28,STRIPE,other,sent,68f96186
2025-06-19,2.55,Mercury IO Cashback,other,sent,68f65752
2025-06-20,2.25,Mercury IO Cashback,other,sent,68f65752
2025-06-20,0.75,Mercury IO Cashback,other,sent,68f65752
2025-06-20,1.5,Mercury IO Cashback,other,sent,68f65752
2025-06-21,0.51,Mercury IO Cashback,other,sent,68f65752
2025-06-21,1.5,Mercury IO Cashback,other,sent,68f65752
2025-06-21,0.75,Mercury IO Cashback,other,sent,68f65752
2025-06-21,0.75,Mercury IO Cashback,other,sent,68f65752
2025-06-21,0.75,Mercury IO Cashback,other,sent,68f65752
2025-06-21,1.5,Mercury IO Cashback,other,sent,68f65752
2025-06-21,1.8,Mercury IO Cashback,other,sent,68f65752
2025-06-22,1.5,Mercury IO Cashback,other,sent,68f65752
2025-06-24,0.02,eBay ComHGQAILEF,other,sent,2106191c
2025-06-24,0.06,eBay ComHGQAILEF,other,sent,2106191c
2025-06-24,6.0,Mercury IO Cashback,other,sent,68f65752
2025-06-24,0.15,Mercury IO Cashback,other,sent,68f65752
2025-06-24,0.29,Mercury IO Cashback,other,sent,68f65752
2025-06-25,1.5,Mercury IO Cashback,other,sent,68f65752
2025-06-25,0.08,Mercury IO Cashback,other,sent,d10a3216
2025-06-25,1.5,Mercury IO Cashback,other,sent,68f65752
2025-06-25,0.05,Mercury IO Cashback,other,sent,68f65752
2025-06-27,29.78,Mercury IO Cashback,other,sent,68f65752
2025-06-28,2.04,Mercury IO Cashback,other,sent,68f65752
2025-06-30,1040.51,STRIPE,other,sent,68f96186
2025-07-01,0.01,Savings Interest,interestPayment,sent,68f96186
2025-07-07,419.19,eBay ComOV21LYJ4,other,sent,2106191c
2025-07-07,984.56,eBay ComZPGZ4MIQ,other,sent,2106191c
2025-07-08,3859.76,STRIPE,other,sent,68f96186
2025-07-09,1535.29,STRIPE,other,sent,68f96186
2025-07-11,3614.05,STRIPE,other,sent,68f96186
2025-07-15,68.9,Mercury IO Cashback,other,sent,68f96186
2025-07-16,0.02,PAYPAL,other,sent,68f65752
2025-07-16,0.15,PAYPAL,other,sent,68f65752
2025-07-16,664.55,STRIPE,other,sent,68f96186
2025-07-16,1.46,Mercury IO Cashback,other,sent,68f65752
2025-07-17,9800.0,SOLUX LLC,other,sent,84738c20
2025-07-17,0.6,Mercury IO Cashback,other,sent,68f65752
2025-07-18,1087.38,eBay ComTKDJ9TCN,other,sent,2106191c
2025-07-18,13.4,Mercury IO Cashback,other,sent,2106191c
2025-07-22,211.91,Shopify,other,sent,d10a3216
2025-07-23,168.51,eBay,other,sent,68f65752
2025-07-23,297.54,STRIPE,other,sent,68f96186
2025-07-23,270.85,SHOPIFY,other,sent,d10a3216
2025-07-25,1762.42,eBay ComFP2RDQIR,other,sent,2106191c
2025-07-25,754.07,SHOPIFY,other,sent,d10a3216
2025-07-25,1096.82,STRIPE,other,sent,68f96186
2025-07-25,18.2,Mercury IO Cashback,other,sent,68f65752
2025-07-28,25611.5,21C LLC,incomingDomesticWire,sent,84738c20
2025-07-29,55.0,Upwork,other,sent,68f65752
2025-07-30,568.34,eBay ComOE5FSFOY,other,sent,2106191c
2025-07-30,1200.0,1/SOLAR ADVOCACY GROUP LLC,incomingDomesticWire,sent,68f65752
2025-07-31,6402.4,SMUCKERS ENERGY,other,sent,84738c20
2025-08-01,12409.52,STRIPE,other,sent,68f96186
2025-08-04,281.15,SHOPIFY,other,sent,d10a3216
2025-08-04,1240.28,eBay ComYXAJSN9D,other,sent,2106191c
2025-08-05,58.86,Mercury IO Cashback,other,sent,84738c20
2025-08-05,7.51,Mercury IO Cashback,other,sent,84738c20
2025-08-07,1452.96,Shopify,other,sent,d10a3216
2025-08-07,1765.61,STRIPE,other,sent,68f96186
2025-08-08,3856.05,SHOPIFY,other,sent,d10a3216
2025-08-08,1198.88,eBay ComMSUFUTBO,other,sent,2106191c
2025-08-08,3200.75,STRIPE,other,sent,68f96186
2025-08-09,159.2,eBay,other,sent,68f65752
2025-08-11,917.44,eBay ComI8KJBK8W,other,sent,2106191c
2025-08-12,58.96,Shopify,other,sent,d10a3216
2025-08-12,2950.82,STRIPE,other,sent,68f96186
2025-08-14,114846.0,YELLOWLITE INC,incomingDomesticWire,sent,84738c20
2025-08-15,98.13,Mercury IO Cashback,other,sent,84738c20
2025-08-15,39500.0,1/CLEAN POWER STORE LLC,other,sent,84738c20
2025-08-15,385.0,PEARCE WORLDWIDE,other,sent,735cbb24
2025-08-15,1176.05,eBay ComOXJS6PID,other,sent,2106191c
2025-08-22,118.1,PEARCE WORLDWIDE,other,sent,735cbb24
2025-08-22,7590.3,Muka Trade LLC,other,sent,84738c20
2025-08-29,23.44,SHOPIFY,other,sent,d10a3216
2025-08-29,10112.3,Barkley Solar LLC,incomingDomesticWire,sent,84738c20
2025-09-01,0.01,Savings Interest,interestPayment,sent,68f96186
2025-09-05,204.75,Upwork,other,sent,68f65752
2025-09-05,209.74,Upwork,other,sent,68f65752
2025-09-08,1969.35,Shopify,other,sent,d10a3216
2025-09-09,1086.44,STRIPE,other,sent,68f96186
2025-09-10,0.5,Circle K,other,sent,68f65752
2025-09-10,16080.97,Barkley Solar LLC,incomingDomesticWire,sent,84738c20
2025-09-15,82.33,Mercury IO Cashback,other,sent,68f96186
2025-09-15,1538.77,STRIPE,other,sent,68f96186
2025-09-15,28633.65,DIAMOND PROPERTIES LLC,incomingDomesticWire,sent,84738c20
2025-09-17,3536.94,Shopify,other,sent,d10a3216
2025-09-18,21634.53,BROWN & SONS ELECTRICAL CONTRACTING,incomingDomesticWire,sent,84738c20
2025-09-19,595.02,PEARCE WORLDWIDE,other,sent,735cbb24
2025-09-22,3686.83,STRIPE,other,sent,68f96186
2025-09-23,33409.54,STRIPE,other,sent,68f96186
2025-09-24,13210.27,TRINITY,other,sent,84738c20
2025-09-25,262.2,Fenix Louisville,other,sent,2106191c
2025-09-29,4178.45,STRIPE,other,sent,68f96186
2025-10-01,52841.09,TRINITY,other,sent,84738c20
2025-10-01,0.02,Savings Interest,interestPayment,sent,68f96186
2025-10-02,113.57,SHOPIFY,other,sent,d10a3216
2025-10-03,9361.32,BRIAN D MORRIS,incomingDomesticWire,sent,84738c20
2025-10-08,141.41,Shopify,other,sent,d10a3216
2025-10-09,30.01,Mercury IO Cashback,other,sent,84738c20
2025-10-09,30.0,Mercury IO Cashback,other,sent,84738c20
2025-10-09,56999.97,DIAMOND PROPERTIES LLC,incomingDomesticWire,sent,84738c20
2025-10-10,799.43,STRIPE,other,sent,68f96186
2025-10-10,0.02,PEARCE WORLDWIDE,other,sent,735cbb24
2025-10-14,15355.47,1/WRIGHT-WAY SOLAR TECHNOLOGIES LLC,incomingDomesticWire,sent,84738c20
2025-10-15,267.32,Mercury IO Cashback,other,sent,84738c20
2025-10-16,8850.0,1/RCCITY US LLC,incomingDomesticWire,sent,84738c20
2025-10-18,165.0,Upwork,other,sent,68f65752
2025-10-21,1068.23,STRIPE,other,sent,68f96186
2025-10-24,5523.12,STRIPE,other,sent,68f96186
2025-10-24,192.5,PEARCE WORLDWIDE,other,sent,735cbb24
2025-10-27,4632.22,STRIPE,other,sent,68f96186
2025-10-28,9665.7,"TENCO SOLAR, INC.",incomingDomesticWire,sent,84738c20
2025-10-28,10978.86,Barkley Solar LLC,incomingDomesticWire,sent,84738c20
2025-10-28,8303.21,Barkley Solar LLC,incomingDomesticWire,sent,84738c20
2025-11-01,0.03,Savings Interest,interestPayment,sent,68f96186
2025-11-03,367.4,Shopify,other,sent,d10a3216
2025-11-04,26.94,Shopify,other,sent,d10a3216
2025-11-05,6544.91,STRIPE,other,sent,68f96186
2025-11-06,4116.9,STRIPE,other,sent,68f96186
2025-11-06,8950.0,RCCITY US LLC,other,sent,84738c20
2025-11-06,2261.0,Chris Asjes,incomingDomesticWire,sent,84738c20
2025-11-06,2261.0,Chris Asjes,incomingDomesticWire,sent,84738c20
2025-11-07,1996.81,California Solar,other,sent,84738c20
2025-11-08,0.73,Lux Rewards Cashback,other,sent,68f65752
2025-11-12,10771.5,Barkley Solar LLC,incomingDomesticWire,sent,84738c20
2025-11-13,9253.58,STRIPE,other,sent,68f96186
2025-11-14,7525.0,Barkley Solar LLC,incomingDomesticWire,sent,84738c20
2025-11-14,8000.0,1SD LLC,incomingDomesticWire,sent,84738c20
2025-11-15,559.97,Mercury IO Cashback,other,sent,68f96186
2025-11-17,635.71,STRIPE,other,sent,68f96186
2025-11-18,1309.63,STRIPE,other,sent,68f96186
2025-11-19,236.21,STRIPE,other,sent,68f96186
2025-11-19,257.11,Shopify,other,sent,d10a3216
2025-11-19,2818.5,Barkley Solar LLC,incomingDomesticWire,sent,84738c20
2025-11-21,1239.58,Shopify,other,sent,d10a3216
2025-11-24,354.37,Shopify,other,sent,d10a3216
2025-11-24,2902.5,Barkley Solar LLC,incomingDomesticWire,sent,84738c20
2025-11-25,1801.75,STRIPE,other,sent,68f96186
2025-11-25,860.8,Shopify,other,sent,d10a3216
2025-11-26,9060.68,"BIG SHINE WORLDWIDE, INC.",incomingDomesticWire,sent,84738c20
2025-11-28,9000.0,RCCITY US LLC,other,sent,84738c20
2025-12-01,0.02,eBay Com8CAHAWQU,other,sent,84738c20
2025-12-01,0.04,eBay Com8CAHAWQU,other,sent,84738c20
2025-12-01,0.04,Savings Interest,interestPayment,sent,68f96186
2025-12-03,922.07,STRIPE,other,sent,68f96186
2025-12-03,762.71,Shopify,other,sent,d10a3216
2025-12-04,922.07,STRIPE,other,sent,68f96186
2025-12-04,499.36,Barkley Solar LLC,incomingDomesticWire,sent,84738c20
2025-12-08,30.01,Mercury IO Cashback,other,sent,84738c20
2025-12-08,7.13,Promotional Cashback,other,sent,84738c20
2025-12-09,16469.29,Shopify,other,sent,d10a3216
2025-12-09,6.01,Mercury IO Cashback,other,sent,84738c20
2025-12-09,1.44,Promotional Cashback,other,sent,84738c20
2025-12-09,3.01,Mercury IO Cashback,other,sent,84738c20
2025-12-09,0.75,Promotional Cashback,other,sent,84738c20
2025-12-10,1.51,Mercury IO Cashback,other,sent,84738c20
2025-12-10,0.38,Promotional Cashback,other,sent,84738c20
2025-12-10,1.51,Mercury IO Cashback,other,sent,84738c20
2025-12-10,0.38,Promotional Cashback,other,sent,84738c20
2025-12-11,2501.82,SHOPIFY,other,sent,d10a3216
2025-12-11,1516.96,Shopify,other,sent,d10a3216
2025-12-11,1.51,Mercury IO Cashback,other,sent,883942fa
2025-12-11,0.38,Promotional Cashback,other,sent,883942fa
2025-12-11,1.51,Mercury IO Cashback,other,sent,84738c20
2025-12-11,0.38,Promotional Cashback,other,sent,84738c20
2025-12-11,4.5,Mercury IO Cashback,other,sent,84738c20
2025-12-11,1.14,Promotional Cashback,other,sent,84738c20
2025-12-12,6.0,Mercury IO Cashback,other,sent,84738c20
2025-12-12,1.52,Promotional Cashback,other,sent,84738c20
2025-12-13,9.0,Mercury IO Cashback,other,sent,d10a3216
2025-12-13,2.3,Promotional Cashback,other,sent,d10a3216
2025-12-15,325.39,Mercury IO Cashback,other,sent,68f96186
2025-12-15,83.81,Promotional Cashback,other,sent,68f96186
2025-12-15,116.88,STRIPE,other,sent,68f96186
2025-12-16,3190.13,Shopify,other,sent,d10a3216
2025-12-17,403.6,Shopify,other,sent,d10a3216
2025-12-18,3235.23,STRIPE,other,sent,68f96186
2025-12-18,6.01,Mercury IO Cashback,other,sent,84738c20
2025-12-18,2.0,Promotional Cashback,other,sent,84738c20
2025-12-19,822.42,STRIPE,other,sent,68f96186
2025-12-22,822.96,eBay ComRB7HNB1U,other,sent,84738c20
2025-12-23,1467.31,eBay ComIRXBZSGF,other,sent,84738c20
2025-12-26,1805.22,"INTEGRATESUN, LL",other,sent,84738c20
2025-12-30,22.5,Mercury IO Cashback,other,sent,84738c20
2025-12-30,7.51,Promotional Cashback,other,sent,84738c20
2026-01-01,0.04,Savings Interest,interestPayment,sent,68f96186
2026-01-02,2846.34,STRIPE,other,sent,68f96186
2026-01-02,3700.0,Signature Solar,other,sent,84738c20
2026-01-05,519.72,SHOPIFY,other,sent,d10a3216
2026-01-06,4440.24,Shopify,other,sent,d10a3216
2026-01-07,214.84,Shopify,other,sent,d10a3216
2026-01-13,135.36,eBay ComCJIQOUMX,other,sent,84738c20
2026-01-15,357.3,Mercury IO Cashback,other,sent,68f96186
2026-01-15,119.11,Promotional Cashback,other,sent,68f96186
2026-01-15,2160.64,Shopify,other,sent,d10a3216
2026-01-16,1491.2,Shopify,other,sent,d10a3216
2026-01-20,795.24,STRIPE,other,sent,68f96186
2026-01-20,397.99,Solar Flexion Inc,incomingDomesticWire,sent,84738c20
2026-01-22,7.17,eBay ComPC4F3IU9,other,sent,84738c20
2026-01-28,1408.57,Shopify,other,sent,d10a3216
2026-01-29,393.0,STRIPE,other,sent,68f96186
2026-01-30,1793.18,Shopify,other,sent,d10a3216
2026-01-30,324.56,SHOPIFY,other,sent,d10a3216
2026-02-01,0.02,Savings Interest,interestPayment,sent,68f96186
2026-02-02,1179.78,SHOPIFY,other,sent,d10a3216
2026-02-03,4062.43,STRIPE,other,sent,68f96186
2026-02-03,620.43,SHOPIFY,other,sent,d10a3216
2026-02-04,275.0,Shopify,other,sent,d10a3216
2026-02-06,6526.33,Shopify,other,sent,d10a3216
2026-02-06,30.01,Mercury IO Cashback,other,sent,d10a3216
2026-02-06,10.0,Promotional Cashback,other,sent,d10a3216
2026-02-09,8020.33,SHOPIFY,other,sent,d10a3216
2026-02-09,1545.8,STRIPE,other,sent,68f96186
2026-02-13,21008.39,STRIPE,other,sent,68f96186
2026-02-13,18.01,Mercury IO Cashback,other,sent,d10a3216
2026-02-13,6.0,Promotional Cashback,other,sent,d10a3216
2026-02-15,238.22,Mercury IO Cashback,other,sent,68f96186
2026-02-15,79.32,Promotional Cashback,other,sent,68f96186
2026-02-17,724.77,STRIPE,other,sent,68f96186
2026-02-17,2203.91,SHOPIFY,other,sent,d10a3216
2026-02-18,2573.78,STRIPE,other,sent,68f96186
2026-02-18,2179.51,Shopify,other,sent,d10a3216
2026-02-25,2698.51,STRIPE,other,sent,68f96186
2026-02-26,3988.3,STRIPE,other,sent,68f96186
2026-03-01,0.02,Savings Interest,interestPayment,sent,68f96186
2026-03-03,863.71,STRIPE,other,sent,68f96186
2026-03-04,7.5,Mercury IO Cashback,other,sent,d10a3216
2026-03-04,0.26,Promotional Cashback,other,sent,d10a3216
2026-03-04,5662.31,TOBY VARGHESE,incomingDomesticWire,sent,84738c20
2026-03-06,8129.57,1/WRIGHT-WAY SOLAR TECHNOLOGIES LLC,incomingDomesticWire,sent,84738c20
2026-03-10,5662.31,TOBY VARGHESE,incomingDomesticWire,sent,84738c20
2026-03-15,262.8,Mercury IO Cashback,other,sent,68f96186
2026-03-15,5.43,Promotional Cashback,other,sent,68f96186
2026-03-17,27.65,STRIPE,other,sent,68f96186
2026-03-17,40183.75,LAUREL SCHIAVONI,incomingDomesticWire,sent,84738c20
2026-03-20,168.1,PEARCE WORLDWIDE,other,sent,735cbb24
2026-03-24,586.24,STRIPE,other,sent,68f96186
2026-03-24,9019.25,Barkley Solar LLC,incomingDomesticWire,sent,84738c20
2026-03-25,1399.75,STRIPE,other,sent,68f96186
2026-03-26,1215.28,CALIFORNIA PACIFIC TECHNICAL SERVIC,incomingDomesticWire,sent,84738c20
2026-03-27,1376.6,STRIPE,other,sent,68f96186
2026-03-27,79.7,PEARCE WORLDWIDE,other,sent,735cbb24
2026-03-27,40008.6,Laurel SCHIAVONI,incomingDomesticWire,sent,84738c20
2026-03-30,600.0,MD BYZID BOSTAME,incomingInternationalWire,sent,84738c20
2026-03-31,300.0,Wise,other,sent,84738c20
2026-04-01,347.87,STRIPE,other,sent,68f96186
2026-04-01,0.03,Savings Interest,interestPayment,sent,68f96186
2026-04-01,550.0,FARAG LEGAL SERV,other,sent,84738c20
2026-04-06,3555.75,California Solar,other,sent,84738c20
2026-04-09,418.4,STRIPE,other,sent,68f96186
2026-04-09,87175.0,1/HOPI UTILITIES CORPORATION,incomingDomesticWire,sent,84738c20
2026-04-10,57.42,PEARCE WORLDWIDE,other,sent,735cbb24
2026-04-13,3913.82,STRIPE,other,sent,68f96186
2026-04-15,259.76,Mercury IO Cashback,other,sent,68f96186
2026-04-22,1841.67,STRIPE,other,sent,68f96186
2026-04-24,131.44,PEARCE WORLDWIDE,other,sent,735cbb24
2026-04-27,2299.78,STRIPE,other,sent,68f96186
2026-04-29,23725.17,"Diamond Properties, LLC",incomingDomesticWire,sent,84738c20
2026-05-01,0.03,Savings Interest,interestPayment,sent,68f96186
2026-05-06,27844.55,MICHAEL CASSILLY,incomingDomesticWire,sent,84738c20
2026-05-07,99950.0,WILLIAM C CASSILLY,incomingDomesticWire,sent,84738c20
2026-05-11,10.0,Portlandia Electric Supply,incomingDomesticWire,sent,68f65752
2026-05-15,332.84,Mercury IO Cashback,other,sent,68f96186
2026-05-15,501.49,PEARCE WORLDWIDE,other,sent,735cbb24
2026-05-22,1029.82,eBay ComHCBX45R4,other,sent,84738c20
2026-06-01,0.01,Savings Interest,interestPayment,sent,68f96186
2026-06-01,11765.57,"BARKLEY SOLAR, LLC",incomingDomesticWire,sent,84738c20
2026-06-01,7.5,Mercury IO Cashback,other,sent,84738c20
2026-06-02,59210.34,STRIPE,other,sent,68f96186
2026-06-02,7.5,Mercury IO Cashback,other,sent,84738c20
2026-06-03,1.5,Mercury IO Cashback,other,sent,68f65752
2026-06-03,2.25,Mercury IO Cashback,other,sent,68f65752
2026-06-04,7.5,Mercury IO Cashback,other,sent,84738c20
2026-06-04,1.51,Mercury IO Cashback,other,sent,84738c20
2026-06-04,7.51,Mercury IO Cashback,other,sent,84738c20
2026-06-08,2069.69,STRIPE,other,sent,68f96186
2026-06-09,4085.77,STRIPE,other,sent,68f96186
2026-06-10,1750.19,STRIPE,other,sent,68f96186
2026-06-12,1998.92,STRIPE,other,sent,68f96186
2026-06-14,15.01,Mercury IO Cashback,other,sent,84738c20
2026-06-15,505.81,Mercury IO Cashback,other,sent,68f96186
2026-06-15,5232.94,STRIPE,other,sent,68f96186
2026-06-16,1942.96,eBay ComXLVP9JZA,other,sent,84738c20
2026-06-17,2311.0,STRIPE,other,sent,68f96186
2026-06-18,3700.0,SOLAR ADVOCACY GROUP LLC,incomingDomesticWire,sent,84738c20
2026-06-22,1492.4,STRIPE,other,sent,68f96186
2026-06-22,27810.52,"Diamond Properties, LLC",incomingDomesticWire,sent,84738c20
2026-06-24,8340.97,STRIPE,other,sent,68f96186
2026-06-26,250.0,SOLAR ADVOCACY GROUP LLC,incomingDomesticWire,sent,84738c20
2026-06-29,3241.9,STRIPE,other,sent,68f96186
2026-06-30,9984.46,STRIPE,other,sent,68f96186
2026-07-01,0.05,Savings Interest,interestPayment,sent,68f96186
2026-07-01,2.26,Mercury IO Cashback,other,sent,84738c20
2026-07-02,3.01,Mercury IO Cashback,other,sent,84738c20
2026-07-02,7.5,Mercury IO Cashback,other,sent,84738c20
2026-07-02,3.84,Mercury IO Cashback,other,sent,84738c20
2026-07-03,178.6,PEARCE WORLDWIDE,other,sent,735cbb24
2026-07-03,15.0,Mercury IO Cashback,other,sent,84738c20
2026-07-05,7.5,Mercury IO Cashback,other,sent,d10a3216
2026-07-06,0.75,Mercury IO Cashback,other,sent,84738c20
2026-07-06,2.55,Mercury IO Cashback,other,sent,735cbb24
2026-07-07,7.5,Mercury IO Cashback,other,sent,84738c20
2026-07-07,11334.66,STRIPE,other,sent,68f96186
2026-07-07,3.0,Mercury IO Cashback,other,sent,d10a3216
2026-07-07,19.5,Mercury IO Cashback,other,sent,d10a3216
2026-07-07,10.5,Mercury IO Cashback,other,sent,d10a3216
2026-07-07,6.0,Mercury IO Cashback,other,sent,d10a3216
2026-07-08,354.0,PORTLANDIA ELECT,other,sent,84738c20
2026-07-08,7.5,Mercury IO Cashback,other,sent,18ca2a10
2026-07-09,7.5,Mercury IO Cashback,other,sent,d10a3216
2026-07-09,4.5,Mercury IO Cashback,other,sent,d10a3216
2026-07-09,3.24,Mercury IO Cashback,other,sent,84738c20
2026-07-10,3.29,Mercury IO Cashback,other,sent,84738c20
2026-07-10,2115.76,eBay,other,sent,84738c20
2026-07-10,488.12,PEARCE WORLDWIDE,other,sent,735cbb24
2026-07-10,7.49,Mercury IO Cashback,other,sent,735cbb24
2026-07-10,1.5,Mercury IO Cashback,other,sent,84738c20
2026-07-10,4.5,Mercury IO Cashback,other,sent,84738c20
2026-07-10,3.0,Mercury IO Cashback,other,sent,84738c20
2026-07-10,3.0,Mercury IO Cashback,other,sent,d10a3216
2026-07-11,7.5,Mercury IO Cashback,other,sent,18ca2a10
2026-07-11,4.5,Mercury IO Cashback,other,sent,84738c20
2026-07-11,3.18,Mercury IO Cashback,other,sent,84738c20
2026-07-11,3.0,Mercury IO Cashback,other,sent,d10a3216
2026-07-12,5.26,Mercury IO Cashback,other,sent,d10a3216
2026-07-13,3.0,Mercury IO Cashback,other,sent,d10a3216
2026-07-13,3.3,Mercury IO Cashback,other,sent,d10a3216
2026-07-13,4.5,Mercury IO Cashback,other,sent,d10a3216
2026-07-13,3.0,Mercury IO Cashback,other,sent,d10a3216
2026-07-13,1839.24,Stripe,other,sent,68f96186
2026-07-13,5.25,Mercury IO Cashback,other,sent,d10a3216
2026-07-13,4.5,Mercury IO Cashback,other,sent,d10a3216
2026-07-13,3.75,Mercury IO Cashback,other,sent,d10a3216
2026-07-13,4.5,Mercury IO Cashback,other,sent,d10a3216
2026-07-13,3.18,Mercury IO Cashback,other,sent,d10a3216
2026-07-13,3.38,Mercury IO Cashback,other,sent,d10a3216
2026-07-13,6.0,Mercury IO Cashback,other,sent,d10a3216
2026-07-15,325.3,Mercury IO Cashback,other,sent,6d3fe35c
2026-07-15,3945.65,STRIPE,other,sent,68f96186
2026-07-15,13176.66,PENN N TASINGA,incomingDomesticWire,sent,84738c20
2026-07-16,2358.26,Stripe,other,sent,68f96186
2026-07-16,15.57,SCOTT BENSON,incomingDomesticWire,sent,84738c20
2026-07-17,324.02,PEARCE WORLDWIDE,other,sent,735cbb24
2026-07-20,33.35,Stripe,other,sent,68f96186
2026-07-21,237.0,CLEAR ENERGY PAR,other,sent,84738c20
2026-07-21,14878.67,PLANKTON ENERGY LLC,incomingDomesticWire,sent,84738c20
2026-07-23,187.27,Stripe,other,sent,68f96186
2026-07-24,500.18,Pearce Worldwide Logistics,other,sent,735cbb24
2026-07-29,7.5,Mercury IO Cashback,other,sent,84738c20
2026-07-30,30.0,Mercury IO Cashback,other,sent,84738c20
2026-07-31,4.5,Mercury IO Cashback,other,sent,84738c20
2026-07-31,12.75,Mercury IO Cashback,other,sent,84738c20
2026-08-01,15.0,Mercury IO Cashback,other,sent,d10a3216
2026-08-01,0.01,Savings Interest,interestPayment,sent,68f96186
2026-08-01,12.0,Mercury IO Cashback,other,sent,d10a3216
2026-08-03,18030.0,SYNC RENEWABLES,other,sent,84738c20
2026-08-06,8345.0,SOLAR ENERGY OPE,other,sent,84738c20
2026-08-06,378.85,Stripe,other,sent,68f96186
2026-08-06,10.0,Apple Wallet,other,sent,68f65752
2026-08-07,611.43,Pearce Worldwide Logistics,other,sent,735cbb24
2026-08-10,18408.12,NEW JERSEY SOLAR,other,sent,68f65752
2026-08-11,3242.49,Stripe,other,sent,68f96186
2026-08-11,85.82,Stripe,other,sent,68f96186
2026-08-11,55152.8,SOLUX LLC,incomingDomesticWire,sent,84738c20
2026-08-13,70000.0,"OPEN WORKS, INC.",incomingDomesticWire,sent,84738c20
2026-08-14,242.76,Pearce Worldwide Logistics,other,sent,735cbb24
2026-08-15,344.14,Mercury IO Cashback,other,sent,84738c20
2026-08-17,11250.0,METCO ENGINEERING INC,incomingDomesticWire,sent,84738c20
2026-08-18,5000.0,"OPEN WORKS, INC.",incomingDomesticWire,sent,84738c20
2026-08-19,10.57,Stripe,other,sent,68f96186
2026-08-20,671.8,Stripe,other,sent,68f96186
2026-08-21,16704.0,SOLUX LLC,incomingDomesticWire,sent,84738c20
2026-08-25,1516.89,Stripe,other,sent,68f96186
2026-08-26,126.98,Stripe,other,sent,68f96186
2026-08-28,130.91,Pearce Worldwide Logistics,other,sent,735cbb24
2026-08-28,2391.3,Stripe,other,sent,68f96186
2026-08-28,1181.45,CALIFORNIA PACIFIC TECHNICAL SERVIC,incomingDomesticWire,sent,84738c20
2026-08-31,45.0,Mercury IO Cashback,other,sent,84738c20
2026-09-01,44.99,Mercury IO Cashback,other,sent,84738c20
2026-09-01,15.0,Mercury IO Cashback,other,sent,68f65752
2026-09-03,7.5,Mercury IO Cashback,other,sent,84738c20
2026-09-03,4.5,Mercury IO Cashback,other,sent,84738c20
2026-09-03,3.0,Mercury IO Cashback,other,sent,68f65752
2026-09-03,3.15,Mercury IO Cashback,other,sent,68f65752
2026-09-04,7312.27,Stripe,other,sent,68f96186
2026-09-04,7.5,Mercury IO Cashback,other,sent,84738c20
2026-09-04,19.5,Mercury IO Cashback,other,sent,84738c20
2026-09-04,59.98,Mercury IO Cashback,other,sent,84738c20
2026-09-07,7.5,Mercury IO Cashback,other,sent,84738c20
2026-09-08,10.5,Mercury IO Cashback,other,sent,84738c20
2026-09-08,22.5,Mercury IO Cashback,other,sent,84738c20
2026-09-10,28.61,Stripe,other,sent,68f96186
2026-09-10,3.1,Mercury IO Cashback,other,sent,68f65752
2026-09-10,7.51,Mercury IO Cashback,other,sent,84738c20
2026-09-11,1080.83,Stripe,other,sent,68f96186
2026-09-11,1461.63,OBSERVIS OY,other,sent,84738c20
2026-09-11,4.51,Mercury IO Cashback,other,sent,84738c20
2026-09-11,7.51,Mercury IO Cashback,other,sent,84738c20
2026-09-11,15.01,Mercury IO Cashback,other,sent,84738c20
2026-09-12,4.51,Mercury IO Cashback,other,sent,84738c20
2026-09-12,15.01,Mercury IO Cashback,other,sent,84738c20
2026-09-14,4.51,Mercury IO Cashback,other,sent,84738c20
2026-09-14,3.01,Mercury IO Cashback,other,sent,84738c20
2026-09-14,3.16,Mercury IO Cashback,other,sent,84738c20
2026-09-14,4.51,Mercury IO Cashback,other,sent,84738c20
2026-09-15,321.66,Mercury IO Cashback,other,sent,68f96186
2026-09-15,50064.32,Mercury,other,sent,84738c20
2026-09-16,16890.0,SOLAR ENERGY OPE,other,sent,84738c20
