client,email,orders_open,total_paid_open_usd,first_order,last_order,days_since_last,what_owed
Vladimir T.,,19,64754.93,2025-07-05,2026-08-28,19,#145581 open $183: Sol-Ark PowerView Ethernet & Wi-Fi Dongle - SA-ETH-PWR ×1 / $158.45; #145281 open $226: Unirac Ecolibrium ECOFOOT5D Ballast Base - ES10490 ×10 / $13.78; #145081 open $715: Grundfos CU200 SQFlex Interface Box Pump Controller (CU 200) ×1 / $65
Dennis W.,,1,42647.12,,,,"S01211 open $42,647: RG13089ANAC 130/120kW Catalyst generator ×1"
Leon R.,leon@wolfriverelectric.com,3,17673.92,2025-12-02,2026-01-27,232,"#118381 open $5,250: Solis Plugin Cellular stick SIM card 5 year plan with 2 year standard warranty - S1-W4G-ST ×10 / $47; #118181 open $1,022: Solis Plugin Cellular stick SIM card 5 year plan with 2 year standard warranty - S1-W4G-ST ×2 / $470; #116181 open $"
Theodore N.,ted.w.nye@gmail.com,1,8243.2,2026-02-05,2026-02-05,223,"#119681 open $8,243: VSUN 108 Mono Cells Black/Black 440w Solar Panel - VSUN440N-108BMH-DG-BB ×40 / $206.08"
Maureen S.,msyrnick@firstprops.com,1,7151.53,2026-07-27,2026-07-27,51,"#137581 open $7,152: SolarEdge Three Phase Inverter 33.3.0kW 270/480V - SE33.3K-USR48BNU4 ×2 / $3256.09"
Stuart P.,phelps52308@gmail.com,1,6139.8,2026-07-01,2026-07-01,77,"#133781 open $6,140: Enphase IQ Battery 10T, EN-B03-T01-US00-1-3, Cover Kit ×1 / $5800.00"
Kevin S.,ksauder@360-elec.com,1,5885.01,2026-08-13,2026-08-13,34,"#142081 open $5,885: SolarSpace 550W Solar Panel 144 Cell Bifacial SS8-72HD-550M Wholesale 36 panels per pallet ×36 / $14"
TERRI M.,terri.mcnamara@cityelectricsupply.com,1,5631.69,2026-02-20,2026-02-20,208,"#121781 open $5,632: Solis Three Phase Grid-Tied PV String Inverters - S6-GC25K-US-APST ×2 / $2795.87"
Kristi M.,kristi@ambrosia.energy,1,4806.9,2026-04-20,2026-04-20,149,"#127681 open $4,807: Qcells Q.PEAK DUO 590W Solar Panel - XL-G11S ×10 / $410.64"
Ben van der Roer,benroer@gmail.com,2,4505.71,2026-07-03,2026-07-10,68,"#135181 open $2,305: REC Alpha Pure-RX 470W N-Type HJT Residential Panel ×10 / $206.50; #134181 open $2,200: REC Solar REC420AA-PURE-2 Alpha Series 420 Watt Module ×10 / $180.00"
isabel mendoza,isabel.mendoza@live.com,1,4407.5,2026-06-03,2026-06-03,105,"#130281 open $4,408: SolarEdge Three Phase Inverter 33.3.0kW 270/480V - SE33.3K-USR48BNU4 ×1 / $3842.30"
Tiger A.,tigerarnold82@gmail.com,1,4169.48,2026-05-27,2026-05-27,112,"#129681 open $4,169: Ecofasten Greenfasten Mill Comp Shingle Flashing - Ecofasten GF1-MLL-0812 ×400 / $9.30"
James E.,james.elking@gmail.com,1,3466.95,2025-12-08,2025-12-08,282,"#116481 partial $3,467: Ironridge Mill Bonded Structural Splice - XR100-BOSS-01-M1 ×8 / $8.14; Ironridge Ufo Black Stopper S"
DENNIS H.,sav3mon3y@gmail.com,2,3460.92,2026-06-03,2026-06-04,104,"#130781 open $1,730: BLUESUN 370W BLACK ON BLACK 120 HALF-CELL MONO SOLAR PANEL - BSM370M-60HPH ×10 / $142.90; #130381 open $1,730: BLUESUN 370W BLACK ON BLACK 120 HALF-CELL MONO SOLAR PANEL - BSM370M-60HPH ×10 / $142.90"
Samuel B.,buntonsamuel@hotmail.com,1,3227.9,2026-08-17,2026-08-17,30,"#143081 open $3,228: Champion Automatic Transer Switch aXis 200A SE NEMA 3R whole house - 102006 ×1 / $1395.50; Champion "
otilio cruz,lura2402@outlook.com,1,3040.4,2026-04-13,2026-04-13,156,"#126981 open $3,040: Victron Energy EasySolar-II 24/3000/70-32 MPPT 250/70 GX Inverter/Charger - PMP242307010 ×1 / $1800."
Andrew B.,abarrow99@gmail.com,1,2987.42,2026-06-04,2026-06-04,104,"#130681 open $2,987: SMA 03-30-1000-2-50 Inverter – Includes Service Call Rebate, Total 20-Year Coverage – GV10US-D PLUS "
Jason R.,jr@repowerny.com,1,2838.17,2026-05-21,2026-05-21,118,"#129181 open $2,838: Quick Mount Classic Shake Mount 18 x 18 Mill - QMLC-A-12 ×55 / $44.07"
Muhammad Nur Rahami Rosli,sales@rptechenergy.com,1,2780.57,2026-07-22,2026-07-22,56,"#136481 open $2,781: Sun Xtender 104AH 12V AGM Battery - PVX-1040T ×6 / $396.77"
Tim B.,sean@hollywoodhamilton.biz,1,2778.15,2026-08-16,2026-08-16,31,"#142981 open $2,778: EG4 Electronics LL V2 12V V2 400AH Lithium Iron Phosphate Battery ×2 / $1298.68"
Jose Coronado FLores,floresphotovoltaics@gmail.com,1,2583.52,2025-11-19,2025-11-19,301,"#115381 open $2,584: M‑Solar 365W Solar Panel 120 Cell BOB TXS6‑365120BB ×10 / $130.22; Tax ×1 / $95.83; URE 365 ×1 / $89"
Jeff H.,jeffh44@yahoo.com,1,2340.09,2026-06-25,2026-06-25,83,"#132981 open $2,340: BLUESUN 370W BLACK ON BLACK 120 HALF-CELL MONO SOLAR PANEL - BSM370M-60HPH ×8 / $249.00"
Amanda D.,druderay@bellsouth.net,1,2336.38,2026-03-18,2026-03-18,182,"#123881 open $2,336: Outback Power 2800W 12V Vented Sine Wave Inverter Charger - VFX2812M ×1 / $2113.39"
Stephen L.,gobartman@earthlink.net,1,2328.04,2026-06-22,2026-06-22,86,"#132281 open $2,328: Magnum 2.8KW Battery-based Inverter - MS2812-L ×1 / $2146.00"
Mike G.,mikeg@linked.energy,1,2325.39,2026-07-30,2026-07-30,48,"#138081 open $2,325: Canadian Solar CS3W-440MS ×10 / $179.99"
Virgil M.,virgilsworld@aol.com,1,2301.31,2026-06-03,2026-06-03,105,"#130581 open $2,301: Outback Power 3500w Battery Inverter - VFXR3524A-01 ×1 / $2098.71"
Berkeley B.,berkeley@vdbelectric.com,1,2296.13,2026-06-13,2026-06-13,95,"#131381 open $2,296: SolarEdge Grid Tied Inverter - SE20KUS-SetApp-3PH ×1 / $1950.00"
Matt W.,mattbuilder@outlook.com,1,2269.43,2026-08-20,2026-08-20,27,"#144181 open $2,269: Solis 11.4kW Hybrid Inverter with Tigo Transmitter S6-EH1P11.4K-H-US-RS ×1 / $2092.75"
Trenton R.,tnremb@gmail.com,1,2177.45,2026-04-17,2026-04-17,152,"#127481 open $2,177: Aptos Solar 440W Solar Panel 120 Cell Bifacial DNA-120-BF10-440W ×10 / $185.92"
Steve H.,speck133@gmail.com,1,2070.8,2026-06-03,2026-06-03,105,"#130481 open $2,071: SolarEdge 20kW 480VDC 3-Phase SetAPP Inverter w/ AC RSD DC Safety Switch & AFCI - SE20K-USR8TBNU4 ×1"
Greg B.,bequette333@gmail.com,1,2037.83,2026-06-28,2026-06-28,80,"#133481 open $2,038: SMA Solar Sunny Boy 7kW 208/240VAC String Inverter - SB 7.0-1SP-US-41 ×1 / $1837.13"
Jayson E.,jayson@trinitypowerca.com,1,2036.87,2025-09-03,2025-09-03,378,"#110281 open $2,037: Goodwe String Inverter - GW7600A-MS ×1 / $1996.92"
Tyler O.,totero@arcticak.com,1,2017.91,2026-08-12,2026-08-12,35,"#141781 open $2,018: Enphase Three-Phase Network Protection Relay NPR-3P-208-NA ×1 / $1992.96"
Franco S.,frabncos24@outlook.com,1,1991.75,2026-04-13,2026-04-13,156,"#126881 open $1,992: Victron Energy EasySolar-II 24/3000/70-32 MPPT 250/70 GX Inverter/Charger - PMP242307010 ×1 / $1800."
marta angelica,martapochibob@gmail.com,1,1966.97,2026-07-17,2026-07-17,61,"#135781 open $1,967: Fronius 6000 Watt Grid-Tie Inverter Without Data Manager - PRIMO 6.0-1-L ×1 / $1708.34"
Larry O.,bearsgrateful@gmail.com,1,1963.56,2026-03-30,2026-03-30,170,"#125281 open $1,964: SMA Solar Sunny Boy 3.8kW 208/240VAC String Inverter - SB3.8-1SP-US-41 ×1 / $1768.84"
Mike St. James,officeadmin@thesolarexchange.com,1,1947.26,2025-12-12,2025-12-12,278,"#116681 partial $1,947: GoodWe MS G3 US Series PV string Inverter w/ EZLink LAN - GW9600-MS-US30 ×1 / $1629.46; Tax ×1 / $16"
Alejandro M.,camumaga121.11@gmail.com,1,1928.06,2026-04-13,2026-04-13,156,"#127181 open $1,928: Pulsar Standard Series Inverter Portable Generator - PG4500iSR ×1 / $1586.10"
Nadiya G.,nadiya.gallagher@gmail.com,1,1905.13,2026-08-17,2026-08-17,30,"#143381 open $1,905: Trina Solar Vertex N 500W N-Type TOPCon Commercial Module ×12 / $132.26"
David B.,dbfield2@gmail.com,1,1903.3,2026-08-11,2026-08-11,36,"#141281 open $1,903: LONGi Solar LGi7-72HTD 610M ×10 / $173.33"
marlon boswell,mkarlonboswell@gmail.com,1,1859.71,2026-04-11,2026-04-11,158,"#126681 open $1,860: Aptos DNA-108-BF10-410W 108 Bifacial Black/Black 410w Solar Panel ×8 / $197.24"
Duke Q Ho,snowman024z@gmail.com,1,1813.94,2026-08-15,2026-08-15,32,"#142581 open $1,814: JA Solar 440W Deep Blue 4.0 D41 Series Bifacial Panel JAM54-D41-440MB ×8 / $173.00"
otilio cruz,xtremexkates1@gmail.com,1,1783.81,2026-04-28,2026-04-28,141,"#128481 open $1,784: Victron LiFePO4 Battery 128V/200Ah - Smart - BAT512120610 ×1 / $1743.86"
Robert S.,robert.stueckle@sunpower.com,1,1766.11,2026-07-22,2026-07-22,56,"#136581 open $1,766: Phono Solar 370W Solar Panel 120 cell - PS370M4H-20/UHB ×10 / $145.81"
Louis G.,louisg@sbcglobal.net,1,1720.76,2026-06-20,2026-06-20,88,"#131781 open $1,721: Lesso 430W Solar Panel 108 Cell All-Black Bifacial 430C(HBB) 54(182) Commercial 936 panels per Conta"
mike KAMINSKI,mikek6511@msn.com,1,1692.64,2026-08-04,2026-08-04,43,"#138781 open $1,693: Solis 10kW 4-MPPT Inverter With SunSpec Transmitter - 1P10K-4G-US-SPRT ×1 / $1513.46"
Robert T.,roberttimotjy1@gmail.com,1,1683.8,2026-08-05,2026-08-05,42,"#139081 open $1,684: BYD BATTERY-BOX PREMIUM LVS 5 Module - LVS 20.0 ×1 / $1388.15"
Edil R.,edroreco@gmail.com,1,1656.95,2026-07-26,2026-07-26,52,"#137381 open $1,657: Schneider Conext 865-1034 100A 600VDC MPPT Charge Controller ×1 / $1632.00"
Nicole P.,nicolepelot@gmail.com,1,1514.8,2026-05-31,2026-05-31,108,"#130081 open $1,515: SMA SBSE3.8-US-50 Sunny Boy Hybrid Inverter ×1 / $1356.19"
Adam M.,battlebornsolarservicellc@outlook.com,1,1466.01,2026-07-20,2026-07-20,58,"#136181 open $1,466: SolarEdge StorEdge 7.6KW 1-PH Inverter - SE7600A-USS2RNCB2 ×1 / $1172.79"
Brian Z.,bpzeitler@gmail.com,1,1414.39,2026-08-05,2026-08-05,42,"#139181 open $1,414: Schneider Conext 865-1032 80A 600VDC MPPT Charge Controller ×1 / $1268.90"
ARTHUR J O'NEILL,faywood13@gmail.com,2,1375.29,2026-08-08,2026-08-13,34,#141881 open $692: PV Wire X Adapter w/ 3A In-Line Fuse MC4/H4 Comp. FMMM 10AWG ×1 / $21.38; Silfab Elite 440W N-Type T; #140281 open $684: Silfab Elite 440W N-Type TOPCon Residential Solar Panel ×4 / $159.30; PV Wire X Adapter w/ 3A In-Lin
Kristie H.,creativeoasis@pm.me,1,1352.89,2026-06-26,2026-06-26,82,"#133181 open $1,353: Canadian Solar 625W TOPBiHiKu6 N Type Bifacial TOPCon CS6.2-66TB-625H Solar Panel ×10 / $127.31"
Randy T.,randyt@stevensind.com,1,1209.84,2026-08-16,2026-08-16,31,"#142881 open $1,210: Silfab 410W SIL-410 HC+ All Black 132 Mono Cells Solar Panel Assembled in USA ×5 / $168.20"
ross keeble,rkeeble4@icloud.com,1,1199.39,2026-07-23,2026-07-23,55,"#136981 open $1,199: Victron MultiPlus-II 120V Inverter/Charger - 48/5000/70-95 ×1 / $1004.39"
Avept I.,stevek@avept.com,1,1175.37,2026-04-04,2026-04-04,165,"#126081 open $1,175: Schneider MPPT Disconnect Rapid Shutdown - RNW8651036 ×1 / $1072.65"
Nathan G.,ngrafton2006@gmail.com,1,1137.95,2026-07-26,2026-07-26,52,"#137481 open $1,138: 1080W Plug In Solar Kit – with APsystems EZ1 Microinverter & SunModo NanoRack - Roof Mount, Balcony "
Matthew B.,briscomd@gmail.com,1,1136.42,2026-08-10,2026-08-10,37,"#140781 open $1,136: QCELLS 340W Q.PEAK DUO BLK-G6+ All Black Solar Panel ×8 / $98.99"
Windsoleil I.,00833f7177a4016fe403@members.ebay.com,1,1109.49,2025-09-21,2025-09-21,360,"07-13610-02317 open $1,109: SMA Sunny Boy SB3800TL-US-22 3840W 600VDC Inverter w/o DC Disconnect ×1 / $1000.00"
luis raigosa,iat24w@gmail.com,2,1077.94,2026-04-13,2026-04-13,156,#127081 open $970: Mission Solar Mono PERC 430W 72 cell Black/Black Solar Panel - MSE430SX9Z ×1 / $436.67; #126781 open $108: Victron AC Current sensor - CSE000100000 ×1 / $74.40
karelis gutierrez,gkarelis2001@gmail.com,1,1071.15,2026-07-06,2026-07-06,72,"#134381 open $1,071: Bluetti AC180P PORTABLE POWER STATION P-AC180P-US-GY-BL-010 ×1 / $954.56"
Kyle M.,tanmanelectric@icloud.com,2,1070.4,2026-06-16,2026-07-06,72,#134481 open $797: Chilicon Power Modular Branch Cable ×50 / $14.55; #131481 open $273: Chilicon Power Modular Branch Cable ×16 / $14.55
David M.,notransfat@gmail.com,1,1049.35,2026-08-13,2026-08-13,34,"#142281 open $1,049: Solarever 450 ×10 / $78.57"
William J Gutierrez,gutierrezw001@gmail.com,1,1031.51,2026-08-30,2026-08-30,17,"#146281 open $1,032: Bluetti Apex 300 + (3) B300K Expansion Battery Combo (Home Battery Backup) ×1 / $926.00"
Mark A.,4202telegraph@gmail.com,1,996.67,2026-05-29,2026-05-29,110,#129981 open $997: IronRidge (Flush Mount Standoff 4 StandoffMill) - 51-6004-500L ×65 / $13.29
Jeremy M.,jeremy@baileycontractingllc.com,1,996.48,2026-06-29,2026-06-29,79,#133681 open $996: Generac 200 Amp 120/230 1Ã˜ NEMA 3R 50Hz - RTSI200M3 ×1 / $883.00
Brendan C.,bcarroll@ameresco.com,1,991.3,2026-08-11,2026-08-11,36,#140881 open $991: ACS Enerji LXR-P-72C-330W ×10 / $66.00
Adam H.,adam@solaraccesscolorado.org,1,983.94,2026-08-23,2026-08-23,24,#144681 open $984: Alexus Solar 400W Black on Black 108 Half-Cell Mono Solar Panel ALEX-400-B-54-S ×10 / $91.08
Hayden I.,hayden@wolfriverelectric.com,1,949.19,2026-04-09,2026-04-09,160,#126581 open $949: Solis 4g Data Logger - DLS-C-5 Cellular ×2 / $429.52
John G.,john@openmarketenergy.net,1,948.03,2026-03-30,2026-03-30,170,#125381 open $948: SolarEdge Commercial Cellular Plug-in W/ 5 Year Data Plan AÂ° 200kw - CELL-A-R05-US-S-S4 ×1 / $870.8
Praus L.,dealstud@gmail.com,1,940.4,2026-07-07,2026-07-07,71,#134881 open $940: Trina Solar Vertex S+ 450W N-Type TOPCon Residential Module ×10 / $84.96
Lara S.,somreyproductions@gmail.com,1,901.32,2026-04-25,2026-04-25,144,#128181 open $901: Solaria 400W Black On Black Mono Solar Panel - POWERXT-400R-PM ×1 / $562.71
Jean L.,amalblezin57@gmail.com,1,873.53,2026-07-08,2026-07-08,70,#135081 open $874: Simpliphi Schneider Conext Gateway PRO - SCH-2430069 ×1 / $794.31
John M.,john.m@hollandmoritzinc.com,1,812.43,2026-04-28,2026-04-28,141,#128281 open $812: SMA Sunny Boy SB5000US ×1 / $672.00
ADAM M.,adammccartney515@gmail.com,1,810.75,2026-07-20,2026-07-20,58,#135981 open $811: Ironridge Flashfoot2 Mill Comp Shingle Flashing With Cap-foot - FF2-01-M2 ×72 / $10.00
Andy G.,andy93landa2@gmail.com,3,808.71,2026-08-05,2026-08-07,40,#139981 open $270: Xuri Solar XRM650W-66-210 ×2 / $113.49; #139881 open $270: Xuri Solar XRM650W-66-210 ×2 / $113.49; #138981 open $270: Xuri Solar XRM650W-66-210 ×2 / $113.49
MICHAEL K.,michael.keller@bigthundermarine.com,1,805.55,2026-05-19,2026-05-19,120,#128981 open $806: Victron 12V/170Ah AGM Super Cycle Battery (M8) - BAT412117081 ×1 / $560.50
Gary V.,garyva@verizon.net,1,801.49,2026-08-24,2026-08-24,23,#144781 open $801: Schneider Conext XW 865-1030-1 60A 150VDC MPPT Charge Controller ×1 / $732.58
Jaycen C.,marandaclark445@gmail.com,1,752.95,2026-07-21,2026-07-21,57,#136381 open $753: MidNite Solar 3.0KW Battery Based Inverter W/ 100V MPPT Charge Controller - MN3024DIY ×1 / $718.00
Julie F.,juliefieldsmd@yahoo.com,1,721.02,2026-08-23,2026-08-23,24,#144481 open $721: DuctlessAid Wall Sleeve for Mini Split Installation ×1 / $40.00; MRCOOL DIY 12k BTU 22 SEER2 Mini Sp
David E.,davidezzo@yahoo.com,1,695.2,2026-03-25,2026-03-25,175,#124881 open $695: EcoFasten Galvalume 8 x 12 In. Black Roof Flashing - GF1-GAL-BLK-812 ×100 / $4.45
luis raigosa,lura240502@outlook.com,1,683.78,2026-07-17,2026-07-17,61,#135681 open $684: Mission Solar Mono PERC 430W 72 cell Black/Black Solar Panel - MSE430SX9Z ×1 / $436.67
Dillon C.,dchristlieb@gmail.com,1,649.14,2026-08-04,2026-08-04,43,#138681 open $649: EG4 3000 EHV-48 All In One Off-Grid Inverter 3000W Inverter/Charger ×1 / $582.00
Stephen R.,skydoc@ymail.com,1,628.21,2026-08-21,2026-08-21,26,#144381 open $628: Champion 201323 - 2500W Dual Fuel Inverter Generator ×1 / $539.99
Jefferson K.,j_keith@me.com,1,623.49,2026-08-12,2026-08-12,35,#141581 open $623: EG4 Electronics 3kW 3000EHV-48 3kW Output 5000W PV Input 500 VOC Input Off-Grid Inverter ×1 / $546.0
Michael M.,mamaorgan2027@gmail.com,1,619.83,2026-07-24,2026-07-24,54,#137181 open $620: Tigo TS4-A-O 1500V UL/TUV 1.2M Cable MC4 700W Max Power - 461-00252-32 ×13 / $43.17
JJ D.,purchasing@ig.utexas.edu,1,618.06,2026-08-12,2026-08-12,35,#141381 open $618: EG4 Electronics 3kW 3000EHV-48 3kW Output 5000W PV Input 500 VOC Input Off-Grid Inverter ×1 / $546.0
Gary P.,gary@garypeck.net,1,610.92,2026-08-12,2026-08-12,35,#141681 open $611: EG4 Electronics 3kW 3000EHV-48 3kW Output 5000W PV Input 500 VOC Input Off-Grid Inverter ×1 / $546.0
Bradley J Hazard,bradhazard@gmail.com,1,603.27,2026-08-26,2026-08-26,21,#145181 open $603: IntegraRack 15-40* Fixed/Adjustable Single Frame Black IR-40FSAB0040 ×5 / $106.99
Brent L.,forwardthinktech@gmail.com,1,592.54,2026-07-25,2026-07-25,53,#137281 open $593: Generac Guardian Display Shell - Bisque (No POP) ×1 / $524.99
Anthony F.,afal1966@aol.com,1,576.04,2026-03-23,2026-03-23,177,#124281 open $576: EG4 Electronics BrightMount Ground Mounts ×1 / $498.40
Louis V.,louis@rhoweelectric.net,1,558.48,2026-08-27,2026-08-27,20,#145381 open $558: Generac 5685 Air Cooled Generator Transport Cart ×1 / $496.99
Don Z.,zimmelect@yahoo.com,1,554.96,2026-07-22,2026-07-22,56,#136681 open $555: Generac HSB Brownout Protection Kit ×3 / $166.67
Alex M.,alex.mcdonald@greentechrenewables.com,1,541.06,2026-07-22,2026-07-22,56,#136781 open $541: Solaredge SE-RGMTR- Consumption Meter - 3Y-208V-A ×1 / $479.53
Jeremy M.,jeremymeier@badgerlandexteriors.com,1,501.13,2026-07-30,2026-07-30,48,#137981 open $501: Tesla T395H ×1 / $180.00
Wayne H.,sarahholton13@gmail.com,1,496.47,2026-05-21,2026-05-21,118,#129281 open $496: Outback Power Flexware 500DC Enclosure - FW500-DC ×1 / $471.52
Steve A.,anderson93921@gmail.com,1,493.1,2026-07-06,2026-07-06,72,#134581 open $493: EG4 BrightMount Ground Mount Rack Kit for 4 Solar Panels EG4GRMORA4 ×1 / $436.50
Richard F.,twisty808@gmail.com,1,484.97,2026-08-09,2026-08-09,38,#140481 open $485: Runergy Hyperion 400W Mono PERC Bifacial Dual Glass HY-DH108P8B-400 Solar Panel ×3 / $140.99
Elysa D.,elysa.lackey@gmail.com,1,466.39,2026-08-15,2026-08-15,32,"#142781 open $466: LG 15,000 BTU Window Air Conditioner ×1 / $400.00"
Juan R.,felicitasarizmendi697@gmail.com,1,463.95,2026-08-10,2026-08-10,37,"#140581 open $464: LG 15,000 BTU Window Air Conditioner ×1 / $400.00"
Jason S.,283short@gmail.com,1,462.02,2026-08-11,2026-08-11,36,"#141181 open $462: LG 15,000 BTU Window Air Conditioner ×1 / $400.00"
Todd E.,farm@globalgrowers.org,1,454.7,2026-08-17,2026-08-17,30,"#143181 open $455: LG 15,000 BTU Window Air Conditioner ×1 / $400.00"
Danny S.,dsanchez@gosolara.com,1,449.19,2026-08-28,2026-08-28,19,#145681 open $449: Ironridge Contour Black Trim Inside Corner Cap - CTR-IN-01-B1 ×3 / $12.95; IronRidge Contour Black T
Dylan Cutter Smith,dylanrsmith256@gmail.com,1,434.55,2026-04-20,2026-04-20,149,#127781 open $435: LONGi Solar Panels - Longi 355W Solar Panel - LR4-60HPB-355W ×1 / $341.94
Marc G.,marcggremodeling@gmail.com,1,422.04,2026-04-16,2026-04-16,153,#127381 open $422: ZNSHINE 405W BLACK ON BLACK 108 HALF-CELL MONO SOLAR PANEL - ZXM7-SH108-405/M ×1 / $205.03
adam rumpf,aprenterprisescolorado@gmail.com,1,416.81,2026-08-07,2026-08-07,40,#139781 open $417: Ironridge UFO Flat Roof Attachment - FRA-BASE-01-M1 ×14 / $25.79
Bradley G.,bradleydavidgood@gmail.com,1,408.05,2026-06-27,2026-06-27,81,#133281 open $408: JA Solar JAM60D41-500/LB ×2 / $180.00
Cody H.,heller1532@gmail.com,1,402.17,2026-08-10,2026-08-10,37,"#140681 open $402: Midea 12,000 BTU U-Shaped Smart Window Air Conditioner ×1 / $346.99"
Amanda Mielke Amanda Mielke,centuryelectricsolar@gmail.com,1,401.83,2026-07-24,2026-07-24,54,#137081 open $402: APsystems Single Phase 4PV Module Microinverter 240V AC-60Hz 1200W 300W Per Channel - QS1 - NA ×1 / 
Bhanu P.,pedarla@gmail.com,1,399.93,2026-08-11,2026-08-11,36,#140981 open $400: QCELLS 340W Q.PEAK DUO BLK-G6+ All Black Solar Panel ×1 / $98.99
mark cube,knuckleheadocy@gmail.com,1,398.83,2026-08-06,2026-08-06,41,"#139481 open $399: Midea 12,000 BTU U-Shaped Smart Window Air Conditioner ×1 / $346.99"
Jerry K.,kingdomdigitalmusic@gmail.com,1,390.15,2026-08-29,2026-08-29,18,#145781 open $390: Trina Solar Vertex N 600W N-Type TOPCon Commercial Module ×1 / $158.06
SCOT R DARR,scotdarr@gmail.com,1,389.88,2026-05-18,2026-05-18,121,#128881 open $390: Ironridge Flashvue Black Flashing - FV-01-B1 ×25 / $13.28
Maryam M.,maryam56mehboob@gmail.com,2,389.88,2025-08-28,2025-08-29,383,#109981 open $390: Mission Solar Mono PERC 430W 72 cell Black/Black Solar Panel - MSE430SX9Z ×1 / $389.88; #109881 restocked $0: Allied Tube and Conduit 1-1/4inch Steel 10' EMT Conduit - 114E ×1 / $0.00
Corey C.,cnc22869@yahoo.com,1,380.67,2026-08-25,2026-08-25,22,#144881 open $381: #6 THWN-2 500' RED ×1 / $329.99
Terence S.,terencesingh@mac.com,1,353.94,2026-07-01,2026-07-01,77,#133881 open $354: Generac EZ Transfer Operator - 5447 ×1 / $311.85
Geoffrey E.,geoff@watchtowerfiredefense.com,1,346.14,2026-02-27,2026-02-27,201,#122481 open $346: Quick Mount PV Mill Conduit Mount - QMCMT-A-12 ×20 / $9.89; Shipping ×1 / $100.00; Tax ×1 / $23.39
Alex H.,mromega@powerdesigninc.us,1,322.08,2026-07-20,2026-07-20,58,#136081 open $322: SolarEdge S1201-1GMYMRV Inverter ×4 / $70.08
Jeremiah G.,jj92777@gmail.com,1,311.15,2026-08-30,2026-08-30,17,#146081 open $311: Reliance Pro/Tran 2 310A 30A 10-Circuit Manual Transfer Switch ×1 / $270.00
Vernetta F.,vernfaddis1@gmail.com,1,298.81,2026-08-20,2026-08-20,27,#143881 open $299: Mission Solar 345W Mono PERC Black Module MSE345SX5T ×3 / $86.12
brett shaffer,brettshaffer03@gmail.com,1,284.59,2026-08-07,2026-08-07,40,#139681 open $285: Panasonic 370W EverVolt Series EVPV370PK BoB Mono Black Frame Solar Panel ×1 / $243.53
Ana R.,anaisaromero97@gmail.com,1,267.68,2026-07-31,2026-07-31,47,#138281 open $268: Canadian Solar 550W HiKu6 Bifacial Mono PERC CS6W-550MB-AG Solar Panel ×2 / $112.03
David G.,david@mtnviewsolar.com,1,267.17,2026-06-07,2026-06-07,101,#130981 open $267: Roof Tech 5/16X 1 Flange Bolt & Nut Bag Of 100 - RT2-04-FBN25 ×3 / $73.98
james pendleton,jameslpendleton@msn.com,1,252.26,2026-07-13,2026-07-13,65,#135281 open $252: SolaTrim Pest Abatement Barrier 5.50IN - ST-055 ×12 / $17.87
Abbi D.,abbi.dempsey@gmail.com,1,246.34,2026-08-14,2026-08-14,33,#142381 open $246: Canadian Solar 330W HiDM CS1H-330MS Mono PERC Solar Panel ×2 / $98.99
James K.,wendagchristie@gmail.com,1,240.7,2026-08-13,2026-08-13,34,#141981 open $241: Crown Battery 12V 100Ah AGM Deep Cycle Battery - Maintenance Free ×1 / $200.00
Brian G.,gully78@gmail.com,1,235.5,2026-04-07,2026-04-07,162,#126381 open $236: SMA Solar Speedwire Datalogging/Monitoring Card for -22 and TriPowers - SWDM-US-10-00.01 ×1 / $193.3
Juan G Torres,jtor08@gmail.com,1,235.35,2026-07-22,2026-07-22,56,#136881 open $235: Waaree Energies WSMDi-415 ×1 / $180.00
Ariel Blanco Ramos,stacruz7702@yahoo.com,1,233.15,2026-08-29,2026-08-29,18,#145881 open $233: Storepower Bi PERC 650W ×2 / $96.47
Steven G.,stevegencarelli@gmail.com,1,232.77,2026-05-26,2026-05-26,113,#129481 open $233: SMA Solar Speedwire Datalogging/Monitoring Card for -22 and TriPowers - SWDM-US-10-00.01 ×1 / $193.3
Daniel Z.,daniel@seksolar.com,1,230.19,2026-06-26,2026-06-26,82,#133081 open $230: Solis Datalogging WIFI stick - single inverter use - 2 year warranty - up to 10 inverters - S3-WIFI-
Christopher P.,perisho@gmail.com,1,223.51,2026-06-01,2026-06-01,107,#130181 open $224: Prosolar Fastjack 4.5' Standoff - FJE-450-18 ×10 / $8.49; Prosolar Fastjack 3 Standoff - FJE-300-1 ×
William R.,wram3@aol.com,1,218.73,2026-08-15,2026-08-15,32,#142681 open $219: Trina Solar Vertex S Series 390W 120 1/2 Cells Bifacial Clear Monocrystalline Solar Panel - TSM-DE09
Steven D.,djrnr03@gmail.com,1,213.2,2026-06-23,2026-06-23,85,#132481 open $213: Canadian Solar EP Cube Components Wall Mount Lift Kit - 85000009 ×1 / $174.30
Luis Rivera Zayas,luis.riverazayas@gmail.com,2,209.46,2026-08-07,2026-08-07,40,#140081 open $105: G&P Sun Energy Technology GPMDG-540W(144) ×2 / $35.00; #139581 open $105: G&P Sun Energy Technology GPMDG-550W(144) ×2 / $35.00
Yates C.,yatescanipe@yahoo.com,1,194.89,2026-08-13,2026-08-13,34,#142181 open $195: ZNShine 410W ZXM7-SH108-410 10BB HALF-CELL All Black Mono PERC Solar Panel ×1 / $161.85
James K.,ajkais@hotmail.com,1,186.35,2026-08-17,2026-08-17,30,#143281 open $186: Enphase 7+ Microinverter - IQ7PLUS-72-2-INT ×1 / $147.20
Luis C.,cano51150@gmail.com,1,166.3,2026-08-18,2026-08-18,29,#143481 open $166: Trina Solar Vertex S+ 400W All Black TOPCon Bifacial Mono Solar Panel TSM-400 NE09RC.05 ×1 / $128.69
Glenn H.,glennhunter44@gmail.com,1,165.66,2026-08-25,2026-08-25,22,#144981 open $166: SMA EXTANT-US-40 Wi-Fi antenna Extension Kit for US-40 & Core 1 ×2 / $65.60
Ray C.,rcroteau@maine.rr.com,1,156.96,2026-08-14,2026-08-14,33,#142481 open $157: SunModo Black LAG-B Lag Bolt NanoRack ×10 / $1.89; HellermannTyton Cable Tie & Edge Clip 156-02229 8
Kyle H.,kylebrandonhardy@gmail.com,1,151.91,2026-06-28,2026-06-28,80,#133381 open $152: SolarEdge 440Watt 60VDC Power Optimizer For Residential Installation - S440 ×1 / $120.12
Erling L.,evlofthu@paulbunyan.net,1,149.03,2026-08-18,2026-08-18,29,#143581 open $149: Schneider Electric Insight Home Smart Energy Monitoring RNW8650330 ×1 / $113.84
Alyssa L.,alyssamariekaplan@gmail.com,1,128.14,2026-07-04,2026-07-04,74,#134281 open $128: S-5 ProteaBracket ×15 / $6.49
Rick B.,redbaran28@gmail.com,1,125.72,2026-08-20,2026-08-20,27,#144281 open $126: Staubli 3 Foot MC4 Extender Cable UL Certified 59014726-0098UL ×24 / $3.95
Arthur C.,arthurachan@gmail.com,1,125.14,2026-05-19,2026-05-19,120,#129081 open $125: Unirac Solarmount T-BOLT - 330052S ×43 / $2.33
alexander Rioux,riouxandsonsconstruction@gmail.com,1,119.48,2026-06-28,2026-06-28,80,#133581 open $119: EG4 Electronics WallMount AllWeather Battery Connector-Black ×4 / $22.40
Aaron Mark Lambirth,aaronlambirth@gmail.com,1,115.75,2026-03-23,2026-03-23,177,#124481 open $116: Generac 4200 PSI Professional Gun with QC ×1 / $86.23
anup modak,amodak2014@gmail.com,1,115.21,2026-06-24,2026-06-24,84,#132881 open $115: Quick Mount Pv Mill Fixed L-foot - QM-TLF10-M1 ×24 / $3.37
Michael M.,texaswatcher2001@gmail.com,1,113.71,2026-08-09,2026-08-09,38,#140381 open $114: EG4 BrightMount Rail Extension Kit EG4GRMORAEX ×9 / $8.90
ZACHARY JOHANN ASMUSSEN,zachary.a.muffin@gmail.com,1,104.3,2026-08-29,2026-08-29,18,#145981 open $104: Solis Data Logger Wireless Monitoring Module  S5-WiFi-ST-4PIN ×1 / $74.33
Andrew B.,burnsae8@gmail.com,1,93.65,2026-07-20,2026-07-20,58,#136281 open $94: Quick Mount PV Mill Flashing W/ L-foot - QMLM-A-12 ×4 / $16.28
Eric P.,perkiner21@gmail.com,1,81.14,2026-08-03,2026-08-03,44,#138481 open $81: Prosolar 3 Black End Cap - A-ENDCAPXD-1B ×10 / $5.00
neal riebe,nealriebe@yahoo.com,1,80.01,2026-06-10,2026-06-10,98,#131281 open $80: IronRidge UFO-CL-01-B1 ×50 / $1.00
Matthew K.,00811893f40bb414ab15@members.ebay.com,1,79.66,2025-07-31,2025-07-31,412,22-13373-50881 open $80: Quick Mount PV QMLC-A-12 18x18-inch Classic Shake Mount w/ Mill Finish ×1 / $57.50
Kevin H.,harkyk.ent@gmail.com,1,79.48,2026-04-23,2026-04-23,146,#127881 open $79: Generac 3100 PSI Ergonomic Gun - 6685 ×1 / $50.39
clifton cram,cramcliff@icloud.com,1,78.11,2026-04-28,2026-04-28,141,#128581 open $78: Generac 3100 PSI Ergonomic Gun - 6685 ×1 / $50.39
Raymond Z.,rayz@solarguardiansusa.com,1,74.05,2026-03-24,2026-03-24,176,#124681 open $74: EcoFasten Galvalume 8 x 12 In. Black Roof Flashing - GF1-GAL-BLK-812 ×10 / $4.45
Donna B.,purchasing@americansolar.net,1,73.02,2026-06-23,2026-06-23,85,#132681 open $73: Prosolar End Clamp 30mm - C1180EC-1B ×10 / $4.40
Robert W.,robert.williams538@gmail.com,1,70.79,2026-06-21,2026-06-21,87,#131881 open $71: $500 extra deposit for 3 more sb 8000's ×1 / $1.00
Jesus C.,addonelectric@gmail.com,1,67.42,2026-08-11,2026-08-11,36,#141081 open $67: QuickBolt Comp Shingle EPDM Conduit Mount w/Screw 16321 ×9 / $4.20
Emerson B.,emerson@standardgc.net,1,67.01,2026-07-17,2026-07-17,61,#135881 open $67: Champion 22kw Maintenance kit - 201381 ×1 / $37.68
Ronald W.,ron.warren00@yahoo.com,1,51.91,2026-08-30,2026-08-30,17,#146181 open $52: Outback Power GFDI Fuse Replacement Kit - SPARE-045 ×1 / $24.88
Dean C.,dcarpentdean@gmail.com,1,47.42,2026-08-28,2026-08-28,19,#145481 open $47: Zamp Solar ATP to Zamp Solar SAE Adapter (ITC1030) ×1 / $19.79
Matthew B.,mattflys7@yahoo.com,1,44.05,2026-06-09,2026-06-09,99,#131181 open $44: Ironridge Clear Stopper Sleeve - UFO-STP-46MM-M1 ×20 / $0.90
Cameron H.,purchasing@ari-hetra.com,1,40.97,2026-08-06,2026-08-06,41,#139381 open $41: Roof Tech Steel Hex Nut pack of 100 - HN4800800-100M1 ×1 / $13.06
Kernwyn C.,kernwyn1@hotmail.com,1,36.23,2026-08-05,2026-08-05,42,#138881 open $36: EG4 BrightMount Rail Extension Kit EG4GRMORAEX ×1 / $8.90
Danielle S.,admin@solux.energy,1,30.34,2026-06-23,2026-06-23,85,"#132781 open $30: ""Quick Mount Universal End Clamp 30-45mm Black - QMR-UEC3045-B-20 60 units ×1 / $5.00"
Sarah W.,sarah.wilson963@gmail.com,1,28.52,2026-06-21,2026-06-21,87,#131981 open $29: 1-Gang Non-Metallic Cable Box 2.75in Deep 18 Cu.In ×1 / $1.25
Anna T.,anna.taylor35@gmail.com,1,26.16,2026-06-21,2026-06-21,87,#132181 open $26: 1-Gang Non-Metallic Box Metal/Wood Stud ×1 / $1.15
Robert W.,robert.williams630@gmail.com,1,26.01,2026-06-21,2026-06-21,87,#132081 open $26: $500 extra deposit for 3 more sb 8000's ×1 / $1.00
Gordon G.,gordonlgummow@msn.com,1,25.55,2026-08-20,2026-08-20,27,#144081 open $26: K2 System end clamp Dark 30-40mm pack of 20 - 4000091 ×1 / $0.56
test test,test@gamil.com,1,0.0,2025-09-15,2025-09-15,366,#111881 open $0: Hyundai 410W Solar Panel 132 Half-Cell Bifacial HiS-S410YH(BK) Commercial 768 panels per Container (
Demo O.,maniramola111@gmail.com,1,0.0,2025-08-26,2025-08-26,386,#109781 open $0: Mission Solar Mono PERC 430W 72 cell Black/Black Solar Panel - MSE430SX9Z ×1 / $389.88
Bailey H.,hoodbailey85@gmail.com,3,0.0,2025-08-19,2025-08-19,393,#109081 restocked $0: BYD BATTERY-BOX PREMIUM LVL (2021) - 2 Module ×1 / $0.00; #108981 restocked $0: Midnite Solar AC Combiner Box - MNPV6-DISCO AC MICRO ×1 / $0.00; #108881 restocked $0: Outback Power > Pre-Wired GS Load Center - GSLC175-230 ×1 / $0.00
Alex C.,dejan@portlandiaelectric.supply,1,0.0,2025-07-01,2025-07-01,442,#1042 open $0: SolarEdge 2:1 208/480V Power Optimizer - S1201 ×1 / $0.00
