source,date,name,amount,status,partner_id,partner_name
mercury,2026-08-10,NEW JERSEY SOLAR,18408.12,MATCHED,3278,New Jersey Solar
mercury,2026-08-06,Apple Wallet,10.0,QUARANTINE,,
mercury,2026-05-11,Portlandia Electric Supply,10.0,INTERNAL,1284,Portlandia Electric Supply LLC
mercury,2025-10-18,Upwork,165.0,QUARANTINE,,
mercury,2025-09-10,Circle K,0.5,QUARANTINE,,
mercury,2025-09-05,Upwork,209.74,QUARANTINE,,
mercury,2025-09-05,Upwork,204.75,QUARANTINE,,
mercury,2025-08-09,eBay,159.2,QUARANTINE,3189,Americas Solar Supply (eBay)
mercury,2025-07-30,1/SOLAR ADVOCACY GROUP LLC,1200.0,MATCHED,142,SOLAR ADVOCACY GROUP LLC
mercury,2025-07-29,Upwork,55.0,QUARANTINE,,
mercury,2025-07-23,eBay,168.51,QUARANTINE,3189,Americas Solar Supply (eBay)
mercury,2025-06-17,SDFCU,0.36,QUARANTINE,,
mercury,2025-06-17,SDFCU,0.23,QUARANTINE,,
mercury,2025-05-28,Upwork,220.0,QUARANTINE,,
mercury,2025-05-28,Upwork,114.99,QUARANTINE,,
mercury,2025-05-17,eBay,91.17,QUARANTINE,3189,Americas Solar Supply (eBay)
mercury,2025-05-03,Upwork,165.0,QUARANTINE,,
mercury,2025-04-25,Upwork,55.0,QUARANTINE,,
mercury,2025-04-25,pdfFiller,2.0,QUARANTINE,,
mercury,2025-04-25,Upwork,165.0,QUARANTINE,,
mercury,2025-04-23,eBay,2650.0,QUARANTINE,3189,Americas Solar Supply (eBay)
mercury,2025-04-21,1/SOLAR ADVOCACY GROUP LLC,2800.0,MATCHED,142,SOLAR ADVOCACY GROUP LLC
mercury,2025-04-21,1/SOLAR ADVOCACY GROUP LLC,6350.0,MATCHED,142,SOLAR ADVOCACY GROUP LLC
mercury,2025-04-15,Upwork,110.0,QUARANTINE,,
mercury,2025-04-10,THOMAS W HAUGEN,5443.52,MATCHED,3291,Thomas W Haugen
mercury,2025-04-10,COOL EARTH SOLAR,295.0,MATCHED,3284,Cool Earth Solar
mercury,2025-04-10,Upwork,55.0,QUARANTINE,,
mercury,2025-04-04,Upwork,57.49,QUARANTINE,,
mercury,2025-04-02,STR CAPITAL LLC DBA CASSILLY CAPITA,17500.0,FOUNDER,,
mercury,2025-04-02,1/SOLAR ADVOCACY GROUP LLC,6400.0,MATCHED,142,SOLAR ADVOCACY GROUP LLC
mercury,2025-04-01,JONATHAN PAUL BROWN OR TABITHA,474.25,MATCHED,1216,PAUL
mercury,2025-03-31,PORTLANDIA ELECTRIC SUPPLY,22348.16,INTERNAL,1284,Portlandia Electric Supply LLC
mercury,2025-03-31,COOL EARTH SOLAR,5435.0,MATCHED,3284,Cool Earth Solar
mercury,2025-03-26,1/SOLAR ADVOCACY GROUP LLC,2760.0,MATCHED,142,SOLAR ADVOCACY GROUP LLC
mercury,2025-03-26,Upwork,110.0,QUARANTINE,,
mercury,2025-03-25,Upwork,15.44,QUARANTINE,,
mercury,2025-03-24,1/SOLAR ADVOCACY GROUP LLC,1135.75,MATCHED,142,SOLAR ADVOCACY GROUP LLC
mercury,2025-03-21,RETI SOLAR LLC,1050.0,MATCHED,3305,Reti Solar
mercury,2025-03-19,1/SOLAR ADVOCACY GROUP LLC,2192.44,MATCHED,142,SOLAR ADVOCACY GROUP LLC
mercury,2025-03-15,Upwork,110.0,QUARANTINE,,
mercury,2025-03-14,Nicole - Sunsync,2616.27,MATCHED,3296,Nicole Sunsync
mercury,2025-03-12,STR CAPITAL LLC DBA CASSILLY CAPITA,28615.71,FOUNDER,,
mercury,2025-02-28,Upwork,22.0,QUARANTINE,,
mercury,2025-02-27,GRAY DUCK SOLAR LLC,10609.5,MATCHED,1232,Gray
mercury,2025-02-26,PORTLANDIA ELECTRIC SUPPLY,1225.98,INTERNAL,1284,Portlandia Electric Supply LLC
mercury,2025-02-13,PORTLANDIA ELECTRIC SUPPLY LLC,1400.0,INTERNAL,1284,Portlandia Electric Supply LLC
mercury,2025-02-03,STR CAPITAL LLC DBA CASSILLY CAPITA,8402.77,FOUNDER,,
mercury,2025-01-24,U.S. Bank - Checking ••6568,500.0,MATCHED,1400,S
mercury,2026-08-01,Savings Interest,0.01,QUARANTINE,,
mercury,2026-07-01,Savings Interest,0.05,QUARANTINE,,
mercury,2026-06-01,Savings Interest,0.01,QUARANTINE,,
mercury,2026-05-01,Savings Interest,0.03,QUARANTINE,,
mercury,2026-04-01,Savings Interest,0.03,QUARANTINE,,
mercury,2026-03-01,Savings Interest,0.02,QUARANTINE,,
mercury,2026-02-01,Savings Interest,0.02,QUARANTINE,,
mercury,2026-01-01,Savings Interest,0.04,QUARANTINE,,
mercury,2025-12-01,Savings Interest,0.04,QUARANTINE,,
mercury,2025-11-01,Savings Interest,0.03,QUARANTINE,,
mercury,2025-10-01,Savings Interest,0.02,QUARANTINE,,
mercury,2025-09-01,Savings Interest,0.01,QUARANTINE,,
mercury,2025-07-01,Savings Interest,0.01,QUARANTINE,,
mercury,2025-06-01,Savings Interest,0.01,QUARANTINE,,
mercury,2025-04-10,*PORTLANDIA ELEC,643.0,MATCHED,3307,Portlandia Elec
mercury,2025-04-03,SDFCU,0.71,QUARANTINE,,
mercury,2025-04-03,*PORTLANDIA ELEC,207.0,MATCHED,3307,Portlandia Elec
mercury,2025-04-03,SDFCU,0.64,QUARANTINE,,
mercury,2025-03-14,NFCU,0.11,MATCHED,3316,Nfcu
mercury,2025-03-14,WELLS FARGO IFI,0.09,QUARANTINE,,
mercury,2025-03-14,NFCU,0.06,MATCHED,3316,Nfcu
mercury,2025-03-14,WELLS FARGO IFI,0.35,QUARANTINE,,
mercury,2025-03-14,SDFCU,0.11,QUARANTINE,,
mercury,2025-03-14,SDFCU,0.45,QUARANTINE,,
mercury,2026-08-28,Pearce Worldwide Logistics,130.91,MATCHED,1260,Pearce Worldwide Logistics
mercury,2026-08-14,Pearce Worldwide Logistics,242.76,MATCHED,1260,Pearce Worldwide Logistics
mercury,2026-08-07,Pearce Worldwide Logistics,611.43,MATCHED,1260,Pearce Worldwide Logistics
mercury,2026-07-24,Pearce Worldwide Logistics,500.18,MATCHED,1260,Pearce Worldwide Logistics
mercury,2026-07-17,PEARCE WORLDWIDE,324.02,MATCHED,1260,Pearce Worldwide Logistics
mercury,2026-07-10,PEARCE WORLDWIDE,488.12,MATCHED,1260,Pearce Worldwide Logistics
mercury,2026-07-03,PEARCE WORLDWIDE,178.6,MATCHED,1260,Pearce Worldwide Logistics
mercury,2026-05-15,PEARCE WORLDWIDE,501.49,MATCHED,1260,Pearce Worldwide Logistics
mercury,2026-04-24,PEARCE WORLDWIDE,131.44,MATCHED,1260,Pearce Worldwide Logistics
mercury,2026-04-10,PEARCE WORLDWIDE,57.42,MATCHED,1260,Pearce Worldwide Logistics
mercury,2026-03-27,PEARCE WORLDWIDE,79.7,MATCHED,1260,Pearce Worldwide Logistics
mercury,2026-03-20,PEARCE WORLDWIDE,168.1,MATCHED,1260,Pearce Worldwide Logistics
mercury,2025-10-24,PEARCE WORLDWIDE,192.5,MATCHED,1260,Pearce Worldwide Logistics
mercury,2025-10-10,PEARCE WORLDWIDE,0.02,MATCHED,1260,Pearce Worldwide Logistics
mercury,2025-09-19,PEARCE WORLDWIDE,595.02,MATCHED,1260,Pearce Worldwide Logistics
mercury,2025-08-22,PEARCE WORLDWIDE,118.1,MATCHED,1260,Pearce Worldwide Logistics
mercury,2025-08-15,PEARCE WORLDWIDE,385.0,MATCHED,1260,Pearce Worldwide Logistics
mercury,2025-05-02,PEARCE WORLDWIDE,981.66,MATCHED,1260,Pearce Worldwide Logistics
mercury,2025-04-16,AE Media Group LLC dba - Solar Maid-Solar Armor,8757.0,MATCHED,3286,Ae Media Group Llc Dba Solar Maid Solar Armor
mercury,2026-09-16,SOLAR ENERGY OPE,16890.0,MATCHED,3275,Solar Energy Ope
mercury,2026-09-15,Mercury,50064.32,MATCHED,1067,Mercury
mercury,2026-09-11,OBSERVIS OY,1461.63,MATCHED,3304,Observis Oy
mercury,2026-08-28,CALIFORNIA PACIFIC TECHNICAL SERVIC,1181.45,MATCHED,3300,California Pacific Technical Servic
mercury,2026-08-21,SOLUX LLC,16704.0,MATCHED,3271,Solux
mercury,2026-08-18,"OPEN WORKS, INC.",5000.0,ALREADY_APPLIED,3152,Open Works
mercury,2026-08-17,METCO ENGINEERING INC,11250.0,MATCHED,3283,Metco Engineering
mercury,2026-08-13,"OPEN WORKS, INC.",70000.0,ALREADY_APPLIED,3152,Open Works
mercury,2026-08-11,SOLUX LLC,55152.8,MATCHED,3271,Solux
mercury,2026-08-06,SOLAR ENERGY OPE,8345.0,MATCHED,3275,Solar Energy Ope
mercury,2026-08-03,SYNC RENEWABLES,18030.0,MATCHED,3279,Sync Renewables
mercury,2026-07-21,PLANKTON ENERGY LLC,14878.67,MATCHED,3281,Plankton Energy
mercury,2026-07-21,CLEAR ENERGY PAR,237.0,MATCHED,3313,Clear Energy Par
mercury,2026-07-16,SCOTT BENSON,15.57,MATCHED,1463,Scott Benson
mercury,2026-07-15,PENN N TASINGA,13176.66,MATCHED,1263,Penn Tasinga
mercury,2026-07-10,eBay,2115.76,QUARANTINE,3189,Americas Solar Supply (eBay)
mercury,2026-07-08,PORTLANDIA ELECT,354.0,MATCHED,3312,Portlandia Elect
mercury,2026-06-26,SOLAR ADVOCACY GROUP LLC,250.0,MATCHED,142,SOLAR ADVOCACY GROUP LLC
mercury,2026-06-22,"Diamond Properties, LLC",27810.52,MATCHED,462,Diamond Properties
mercury,2026-06-18,SOLAR ADVOCACY GROUP LLC,3700.0,MATCHED,142,SOLAR ADVOCACY GROUP LLC
mercury,2026-06-16,eBay ComXLVP9JZA,1942.96,QUARANTINE,,
mercury,2026-06-01,"BARKLEY SOLAR, LLC",11765.57,MATCHED,207,Barkley Solar
mercury,2026-05-22,eBay ComHCBX45R4,1029.82,QUARANTINE,,
mercury,2026-05-07,WILLIAM C CASSILLY,99950.0,FOUNDER,,
mercury,2026-05-06,MICHAEL CASSILLY,27844.55,FOUNDER,1077,Michael Cassilly
mercury,2026-04-29,"Diamond Properties, LLC",23725.17,MATCHED,462,Diamond Properties
mercury,2026-04-09,1/HOPI UTILITIES CORPORATION,87175.0,MATCHED,694,Hopi Utilities Corporation
mercury,2026-04-06,California Solar,3555.75,MATCHED,3290,California Solar
mercury,2026-04-01,FARAG LEGAL SERV,550.0,MATCHED,546,Farag Legal
mercury,2026-03-31,Wise,300.0,QUARANTINE,,
mercury,2026-03-30,MD BYZID BOSTAME,600.0,MATCHED,3117,Byzid Bostame
mercury,2026-03-27,Laurel SCHIAVONI,40008.6,MATCHED,3272,Laurel Schiavoni
mercury,2026-03-26,CALIFORNIA PACIFIC TECHNICAL SERVIC,1215.28,MATCHED,3300,California Pacific Technical Servic
mercury,2026-03-24,Barkley Solar LLC,9019.25,MATCHED,207,Barkley Solar
mercury,2026-03-17,LAUREL SCHIAVONI,40183.75,MATCHED,3272,Laurel Schiavoni
mercury,2026-03-10,TOBY VARGHESE,5662.31,MATCHED,3282,Toby Varghese
mercury,2026-03-06,1/WRIGHT-WAY SOLAR TECHNOLOGIES LLC,8129.57,MATCHED,3026,Wright-Way
mercury,2026-03-04,TOBY VARGHESE,5662.31,MATCHED,3282,Toby Varghese
mercury,2026-01-22,eBay ComPC4F3IU9,7.17,QUARANTINE,,
mercury,2026-01-20,Solar Flexion Inc,397.99,MATCHED,3311,Solar Flexion
mercury,2026-01-13,eBay ComCJIQOUMX,135.36,QUARANTINE,,
mercury,2026-01-02,Signature Solar,3700.0,MATCHED,3174,Signature Solar
mercury,2025-12-26,"INTEGRATESUN, LL",1805.22,MATCHED,3303,Integratesun Ll
mercury,2025-12-23,eBay ComIRXBZSGF,1467.31,QUARANTINE,,
mercury,2025-12-22,eBay ComRB7HNB1U,822.96,QUARANTINE,,
mercury,2025-12-04,Barkley Solar LLC,499.36,MATCHED,207,Barkley Solar
mercury,2025-12-01,eBay Com8CAHAWQU,0.04,QUARANTINE,,
mercury,2025-12-01,eBay Com8CAHAWQU,0.02,QUARANTINE,,
mercury,2025-11-28,RCCITY US LLC,9000.0,MATCHED,3280,Rccity Us
mercury,2025-11-26,"BIG SHINE WORLDWIDE, INC.",9060.68,MATCHED,2682,Shine
mercury,2025-11-24,Barkley Solar LLC,2902.5,MATCHED,207,Barkley Solar
mercury,2025-11-19,Barkley Solar LLC,2818.5,MATCHED,207,Barkley Solar
mercury,2025-11-14,1SD LLC,8000.0,MATCHED,3287,1sd
mercury,2025-11-14,Barkley Solar LLC,7525.0,MATCHED,207,Barkley Solar
mercury,2025-11-12,Barkley Solar LLC,10771.5,MATCHED,207,Barkley Solar
mercury,2025-11-07,California Solar,1996.81,MATCHED,3290,California Solar
mercury,2025-11-06,Chris Asjes,2261.0,MATCHED,345,Chris
mercury,2025-11-06,Chris Asjes,2261.0,MATCHED,345,Chris
mercury,2025-11-06,RCCITY US LLC,8950.0,MATCHED,3280,Rccity Us
mercury,2025-10-28,Barkley Solar LLC,8303.21,MATCHED,207,Barkley Solar
mercury,2025-10-28,Barkley Solar LLC,10978.86,MATCHED,207,Barkley Solar
mercury,2025-10-28,"TENCO SOLAR, INC.",9665.7,MATCHED,3277,Tenco Solar
mercury,2025-10-16,1/RCCITY US LLC,8850.0,MATCHED,3280,Rccity Us
mercury,2025-10-14,1/WRIGHT-WAY SOLAR TECHNOLOGIES LLC,15355.47,MATCHED,3026,Wright-Way
mercury,2025-10-09,DIAMOND PROPERTIES LLC,56999.97,MATCHED,462,Diamond Properties
mercury,2025-10-03,BRIAN D MORRIS,9361.32,MATCHED,263,Brian )
mercury,2025-10-01,TRINITY,52841.09,MATCHED,3273,Trinity
mercury,2025-09-24,TRINITY,13210.27,MATCHED,3273,Trinity
mercury,2025-09-18,BROWN & SONS ELECTRICAL CONTRACTING,21634.53,MATCHED,3276,Brown Sons Electrical Contracting
mercury,2025-09-15,DIAMOND PROPERTIES LLC,28633.65,MATCHED,462,Diamond Properties
mercury,2025-09-10,Barkley Solar LLC,16080.97,MATCHED,207,Barkley Solar
mercury,2025-08-29,Barkley Solar LLC,10112.3,MATCHED,207,Barkley Solar
mercury,2025-08-22,Muka Trade LLC,7590.3,MATCHED,998,Muka Trade LLC
mercury,2025-08-15,1/CLEAN POWER STORE LLC,39500.0,MATCHED,3274,1 Clean Power Store
mercury,2025-08-14,YELLOWLITE INC,114846.0,MATCHED,70,Accounts Yellowlite
mercury,2025-07-31,SMUCKERS ENERGY,6402.4,MATCHED,3288,Smuckers Energy
mercury,2025-07-28,21C LLC,25611.5,MATCHED,28,21C dba Compass Energy
mercury,2025-07-17,SOLUX LLC,9800.0,MATCHED,3271,Solux
mercury,2025-05-15,E2SOL LLC,3954.5,MATCHED,3294,E2sol
mercury,2025-05-08,COOL EARTH SOLAR,3995.0,MATCHED,3284,Cool Earth Solar
mercury,2025-09-25,Fenix Louisville,262.2,QUARANTINE,,
mercury,2025-08-15,eBay ComOXJS6PID,1176.05,QUARANTINE,,
mercury,2025-08-11,eBay ComI8KJBK8W,917.44,QUARANTINE,,
mercury,2025-08-08,eBay ComMSUFUTBO,1198.88,QUARANTINE,,
mercury,2025-08-04,eBay ComYXAJSN9D,1240.28,QUARANTINE,,
mercury,2025-07-30,eBay ComOE5FSFOY,568.34,QUARANTINE,,
mercury,2025-07-25,eBay ComFP2RDQIR,1762.42,QUARANTINE,,
mercury,2025-07-18,eBay ComTKDJ9TCN,1087.38,QUARANTINE,,
mercury,2025-07-07,eBay ComZPGZ4MIQ,984.56,QUARANTINE,,
mercury,2025-07-07,eBay ComOV21LYJ4,419.19,QUARANTINE,,
mercury,2025-06-24,eBay ComHGQAILEF,0.06,QUARANTINE,,
mercury,2025-06-24,eBay ComHGQAILEF,0.02,QUARANTINE,,
mercury,2025-05-29,PORTLANDIA ELECTRIC SUPPLY,5.0,INTERNAL,1284,Portlandia Electric Supply LLC
mercury,2025-05-29,PORTLANDIA ELECTRIC SUPPLY,5.0,INTERNAL,1284,Portlandia Electric Supply LLC
mercury,2025-05-29,PORTLANDIA ELECTRIC SUPPLY,6.0,INTERNAL,1284,Portlandia Electric Supply LLC
stripe,2026-09-14,Riven AI,15.17,NEW_PARTNER,,
stripe,2026-09-02,Rudy Ortiz,5063.46,MATCHED,3292,Rudy Ortiz
stripe,2026-09-02,Shannon Thompson,2456.29,MATCHED,3299,Shannon Thompson
stripe,2026-09-02,Beitzel CORPORATION,2522.05,MATCHED,3298,Beitzel
stripe,2026-08-26,Martin Lara,3283.93,MATCHED,3295,Martin Lara
stripe,2026-08-21,Craig Ervin,2083.23,MATCHED,3302,Craig Ervin
stripe,2026-08-17,Riven AI,15.0,NEW_PARTNER,,
stripe,2026-08-05,Mark Mccleery,157.45,MATCHED,1020,Mark Mccleery
stripe,2026-08-04,John Petersen,520.53,MATCHED,860,John Petersen
stripe,2026-07-21,Shirley Swanson,257.47,MATCHED,1496,Shirley Swanson
stripe,2026-07-16,Scott Benson,521.06,MATCHED,1463,Scott Benson
stripe,2026-07-14,Shirley Swanson,2421.86,MATCHED,1496,Shirley Swanson
stripe,2026-07-14,Riven AI,7.5,NEW_PARTNER,,
stripe,2026-07-13,Mark Russell,6037.84,MATCHED,1016,Mark
stripe,2026-07-09,Jeremy Pogue,3045.82,MATCHED,820,Jeremy R. Pogue
stripe,2026-07-08,Greg Mckenna,218.57,MATCHED,649,Greg McKenna
stripe,2026-07-08,Jason Feng,229.35,MATCHED,783,Jason Feng
stripe,2026-07-02,Ian Clark,11538.42,MATCHED,464,Ian Clark
stripe,2026-07-01,Rioux and Sons construction,135.38,NEW_PARTNER,,
stripe,2026-06-26,Mark Russell,8366.49,MATCHED,1016,Mark
stripe,2026-06-26,Chris Bush,1916.79,MATCHED,349,Chris Bush
stripe,2026-06-25,Miles Broske,3339.03,MATCHED,1112,Miles Broske
stripe,2026-06-22,Daniel Barrett,8590.39,MATCHED,419,Daniel Barrett
stripe,2026-06-17,Lalchan Samichand,1537.28,MATCHED,950,Lalchan Samichand
stripe,2026-06-15,Berkeley Bodine,2380.33,MATCHED,224,Berkeley Bodine
stripe,2026-06-11,Cody Munoz,5389.54,MATCHED,123,Cody Munoz
stripe,2026-06-10,Thomas Jeffers Jr,2058.93,MATCHED,77,Thomas Jeffers Jr.
stripe,2026-06-08,David Gawlik,275.15,MATCHED,435,David Gawlik
stripe,2026-06-08,Steven Ciarleglio,1527.93,MATCHED,1193,Steven Ciarleglio
stripe,2026-06-05,Isabel Mendoza,4208.11,MATCHED,740,Isabel Mendoza
stripe,2026-06-04,DENNIS HANSEN,2131.81,MATCHED,408,DENNIS HANSEN
stripe,2026-05-29,Solar Energy Solutions,18332.22,MATCHED,1540,"Solar Solutions Ltd,"
stripe,2026-05-29,Dennis Willett,42647.12,MATCHED,455,Dennis Willett
stripe,2026-04-23,Trenton Rembert,2368.77,MATCHED,3301,Trenton Rembert
stripe,2026-04-09,Captain Power LLC,5758.47,NEW_PARTNER,,
stripe,2026-04-02,John Gardiner,615.88,MATCHED,848,John Gardiner
stripe,2026-03-30,Jacqueline Lowther,358.57,MATCHED,761,Jacqueline Lowther
stripe,2026-03-25,Jean Ummel,1418.02,MATCHED,799,Jean Ummel
stripe,2026-03-23,MN8 ENERGY,1441.86,MATCHED,997,MN8 ENERGY
stripe,2026-03-20,Pat Murray,604.06,MATCHED,3310,Pat Murray
stripe,2026-03-13,Michael,29.0,MATCHED,3315,Michael
stripe,2026-02-27,"ARC Design & Consulting, LLC",889.81,NEW_PARTNER,,
stripe,2026-02-24,Julian F. De Zulueta,2892.73,MATCHED,888,Julian F. De Zulueta
stripe,2026-02-24,Jose Campos,1215.3,MATCHED,874,Jose Campos
stripe,2026-02-23,Solar Energy Solutions,2779.41,MATCHED,1540,"Solar Solutions Ltd,"
stripe,2026-02-13,James Stephens,2650.96,MATCHED,774,James Stephens
stripe,2026-02-12,Sachin Vyas,746.72,MATCHED,362,Sachin Vyas
stripe,2026-02-11,Rhew Contracting,21636.14,NEW_PARTNER,,
stripe,2026-02-05,Wolf Track Energy,2570.57,MATCHED,3297,Wolf Track Energy
stripe,2026-01-30,Infinity Energy,4184.07,NEW_PARTNER,,
stripe,2026-01-27,Pawan Kumar,405.05,MATCHED,1259,Pawan Kumar
stripe,2025-12-17,"Solar Sme, Inc.",847.29,NEW_PARTNER,,
stripe,2025-12-16,Barkley Solar,631.05,MATCHED,207,Barkley Solar
stripe,2025-12-16,Barkley Solar,2701.42,MATCHED,207,Barkley Solar
stripe,2025-12-11,Fred Enist,120.68,MATCHED,582,Fred Enist
stripe,2025-12-02,Cody Buick,949.92,MATCHED,377,Cody Buick
stripe,2025-12-01,Cody Buick,949.92,MATCHED,377,Cody Buick
stripe,2025-11-22,SPARK BUILDING ENERGY SOLUTIONS LLC,65.71,MATCHED,1420,SPARK BUILDING ENERGY SOLUTIONS LLC
stripe,2025-11-21,Phil Deur,1855.87,MATCHED,1271,Phil Deur
stripe,2025-11-19,Brent Barkley,2818.5,MATCHED,261,Brent Barkley
stripe,2025-11-17,Brent Barkley,243.57,MATCHED,261,Brent Barkley
stripe,2025-11-14,Brent Barkley,487.0,MATCHED,261,Brent Barkley
stripe,2025-11-14,Jesse Quinn,862.36,MATCHED,825,Jesse Quinn
stripe,2025-11-13,SPARK BUILDING ENERGY SOLUTIONS LLC,655.01,MATCHED,1420,SPARK BUILDING ENERGY SOLUTIONS LLC
stripe,2025-11-10,Carlton Amdahl,2980.72,MATCHED,324,Carlton Amdahl
stripe,2025-11-10,TENCO SOLAR,6549.85,MATCHED,3277,Tenco Solar
stripe,2025-11-04,TENCO SOLAR,4240.16,MATCHED,3277,Tenco Solar
stripe,2025-11-03,"Acme Scenic & Display, Inc.",6740.69,MATCHED,71,"Acme Scenic & Display, Inc."
stripe,2025-10-22,ARC Line Power And Electric,4770.88,MATCHED,3293,Arc Line Power And Electric
stripe,2025-10-22,Chadi Zein,5688.38,MATCHED,3289,Chadi Zein
stripe,2025-10-16,Pawan Kumar,1100.44,MATCHED,1259,Pawan Kumar
stripe,2025-10-08,SunSent Solar,23.92,MATCHED,3308,Sunsent Solar
stripe,2025-10-08,SunSent Solar,800.0,MATCHED,3308,Sunsent Solar
stripe,2025-09-25,Wright-Way Services,4303.55,MATCHED,3026,Wright-Way
stripe,2025-09-19,Pawan Kumar,17015.72,MATCHED,1259,Pawan Kumar
stripe,2025-09-19,Pawan Kumar,16387.42,MATCHED,1259,Pawan Kumar
stripe,2025-09-18,monterey gardiner,3797.25,MATCHED,1129,Monterey Gardiner
stripe,2025-09-18,ObsidianWorks,1005.15,MATCHED,1202,ObsidianWorks
stripe,2025-09-11,Jim Bustillo,1585.04,MATCHED,832,Jim Bustillo
stripe,2025-09-05,Ryan Welsch,1119.2,MATCHED,1398,Ryan Welsch
stripe,2025-08-28,Brent Barkley,1605.47,MATCHED,261,Brent Barkley
stripe,2025-05-16,Tina Wieand,72.07,MATCHED,3314,Tina Wieand
stripe,2025-05-16,Tina Wieand,72.07,MATCHED,3314,Tina Wieand
stripe,2025-05-13,Jayson Emerian,20820.79,MATCHED,798,Jayson Emerian
stripe,2025-04-25,Moses Bailon,383.51,MATCHED,1133,Moses Bailon
stripe,2025-04-17,John Murtha,311.64,MATCHED,858,John Murtha
stripe,2025-03-27,William Brennan,895.72,MATCHED,3306,William Brennan
stripe,2025-03-24,PAUL PORTER,583.0,MATCHED,1217,PAUL PORTER
stripe,2025-03-16,Clayton Skelton,845.02,MATCHED,370,Clayton Skelton
stripe,2025-03-14,Thomas Carlson,1146.77,MATCHED,1526,Thomas Carlson
stripe,2025-03-13,Francisco  Vicente,375.02,MATCHED,572,Francisco Vicente
stripe,2025-03-13,Eugene Kim,561.02,MATCHED,535,Eugene Kim
stripe,2025-03-13,Jeff Santacroce,413.27,MATCHED,809,Jeff Santacroce
stripe,2025-03-12,Francis Ramirez,1760.02,MATCHED,571,Francis Ramirez
stripe,2025-03-07,Samuel Miller,384.44,MATCHED,1448,Samuel Miller
stripe,2025-03-06,Justin Roberts,566.52,MATCHED,894,Justin Roberts
stripe,2025-03-04,Carrie Dover,233.19,MATCHED,325,Carrie Dover
stripe,2025-02-13,Michael Riggs,308.99,MATCHED,1085,Michael Riggs
stripe,2025-01-24,Jim lang,123.54,MATCHED,833,Jim Lang
stripe,2024-12-21,aiguo feng,658.09,MATCHED,3309,Aiguo Feng
stripe,2024-12-20,Noah Doty,39.37,MATCHED,1185,Noah Doty
stripe,2024-12-17,Liam Cassilly,2.12,MATCHED,962,Liam Cassilly
stripe,2024-11-27,,5.0,NEW_PARTNER,,
