segment,name,email,paid,orders,fulfillment,bought
HAPPY (solicit),Morgan K.,mkennedy@syncrenewables.com,17345.86,1,fulfilled 1 / partial 0 / unfulfilled 0,Chint 25kW 3-Phase String Inverter 208Vac APS RSD Wirebox) - SCA25KTL-
HAPPY (solicit),Jan strand,info@bedrocksolar.com,5642.6,1,fulfilled 1 / partial 0 / unfulfilled 0,Aptos 800W Microinverter - MAC-800R ×20; Tax ×1
HAPPY (solicit),Glen M.,mcgillan@gmail.com,5489.59,1,fulfilled 1 / partial 0 / unfulfilled 0,Talesun Solar 450W Solar Panel 108 Cells All-Black Bifacial TM7G54M-45
HAPPY (solicit),Bryce B.,bryce.berggren@calsolarinc.com,3657.95,1,fulfilled 1 / partial 0 / unfulfilled 0,APSystems 4-Module Micro Inverter For 375W+ Modules - QS1 ×10
HAPPY (solicit),Jesse D.,doneriteelectric@yahoo.com,3432.45,1,fulfilled 1 / partial 0 / unfulfilled 0,"Fronius Primo 5.0-1 snap Inverter - 4,21,00,63,800 ×1; Tax 9.225% ×1; "
HAPPY (solicit),Michael D.,0081059bec41428f35c1@members.ebay.com,3188.25,1,fulfilled 1 / partial 0 / unfulfilled 0,The SMA Sunny Boy 8000TL-US ×2
HAPPY (solicit),BACKER A.,team.baytconstruction@gmail.com,2254.2,1,fulfilled 1 / partial 0 / unfulfilled 0,Aptos Solar 440W Solar Panel 120 Cell Bifacial DNA-120-BF10-440W ×10
HAPPY (solicit),Ellen B.,lgbnokomis@hotmail.com,1817.23,1,fulfilled 1 / partial 0 / unfulfilled 0,Fronius 208-240VAC Single Phase String Inverter - PRIMO 5.0-1 ×1; Sale
HAPPY (solicit),Tom P.,tom.p@suntrailenergy.com,1770.35,1,fulfilled 1 / partial 0 / unfulfilled 0,SolarEdge 2:1 208/480V Power Optimizer - S1201 ×10; Tax ×1
HAPPY (solicit),Joseph B.,4084151779c27fb6d384@members.ebay.com,1633.54,1,fulfilled 1 / partial 0 / unfulfilled 0,The SMA Sunny Boy 8000TL-US ×1
HAPPY (solicit),Chad H.,406902a90b5dcfcee642@members.ebay.com,1562.54,1,fulfilled 1 / partial 0 / unfulfilled 0,Fronius 7.5kw IG Advanced Plus Inverter NEW ×1
HAPPY (solicit),Stanley H.,00824d5b4a2001769c6a@members.ebay.com,1526.85,1,fulfilled 1 / partial 0 / unfulfilled 0,"SMA, SUNNY BOY 3800TL-US-22 (SPR-3802m), AFCI, RS485 ×1"
HAPPY (solicit),DavidElwee M.,0406d602469c4b2f7e54@members.ebay.com,1485.87,1,fulfilled 1 / partial 0 / unfulfilled 0,Fronius 7.5kw IG Advanced Plus Inverter NEW ×1
HAPPY (solicit),Clarence F.,403a639b6c60938c3149@members.ebay.com,1362.14,1,fulfilled 1 / partial 0 / unfulfilled 0,Fronius 7.5kw IG Advanced Plus Inverter NEW ×1
HAPPY (solicit),Kevin K.,01021d8c94b4573806fd@members.ebay.com,1147.47,1,fulfilled 1 / partial 0 / unfulfilled 0,Fronius 7.5kw IG Advanced Plus Inverter NEW ×1
HAPPY (solicit),Ryan W.,0104e237444559f801b9@members.ebay.com,1095.69,1,fulfilled 1 / partial 0 / unfulfilled 0,SMA Sunny Boy SB3800TL-US-22 3840W 600VDC Inverter w/o DC Disconnect ×
HAPPY (solicit),Benjamin C.,benc@activesolarusa.com,1023.61,1,fulfilled 1 / partial 0 / unfulfilled 0,Apsystems Protects an unused connector on the AC Bus - used for 5-wire
HAPPY (solicit),Christine S.,nigel_hell@hotmail.com,796.74,1,fulfilled 1 / partial 0 / unfulfilled 0,Saticshield Standard Power Perfect Box - PPB ×1; Shipping ×1; Tax ×1
HAPPY (solicit),1133633Mark Zattiero,riddler@zatcave.org,784.49,1,fulfilled 1 / partial 0 / unfulfilled 0,Outback Power System Display and Controller - MATE3s ×1; Tax ×1
HAPPY (solicit),John P.,jpetersen@revisionenergy.com,504.0,1,fulfilled 1 / partial 0 / unfulfilled 0,Solaredge Replacement 4G Cell Modem - CELL-A-R05-US-P-S2 ×1
HAPPY (solicit),Mark H.,marxman.13@gmail.com,499.71,1,fulfilled 1 / partial 0 / unfulfilled 0,Tesla Multi Powerwall Stacking Kit - 1112154-00-B ×1; Tax 11.25% ×1
HAPPY (solicit),Heidi S.,hmskogs@gmail.com,405.9,1,fulfilled 1 / partial 0 / unfulfilled 0,Briggs and Stratton ACCM Power Management Upgrade Kit - Standard Trans
HAPPY (solicit),Brian D.,bcdia2dayy@gmail.com,381.91,1,fulfilled 1 / partial 0 / unfulfilled 0,IronRidge 9x12-inch FlashFoot2 w/ Mill Finish - FF2-02-B2 ×17; Tax 7.7
HAPPY (solicit),Italo M Genesi,italo_genesi@mac.com,360.37,1,fulfilled 1 / partial 0 / unfulfilled 0,Generac EZ Transfer Operator - 5447 ×1; Tax 7.0% ×1
HAPPY (solicit),Petros T.,stinger28425@gmail.com,359.53,1,fulfilled 1 / partial 0 / unfulfilled 0,Generac EZ Transfer Operator - 5447 ×1; Tax 6.75% ×1
HAPPY (solicit),Kevin S.,kcsova@gmail.com,308.04,1,fulfilled 1 / partial 0 / unfulfilled 0,EcoFasten Galvalume 8 x 12 In. Black Roof Flashing - GF1-GAL-BLK-812 ×
HAPPY (solicit),Chris L.,916smog@gmail.com,281.15,1,fulfilled 1 / partial 0 / unfulfilled 0,Yotta Energy Microinverter - DPI-208 ×1
HAPPY (solicit),Jason F.,nyjasonfeng@gmail.com,222.7,1,fulfilled 1 / partial 0 / unfulfilled 0,Chemlink 5 Gray E-Curb Round Seal Kit - F1367GR ×1
HAPPY (solicit),Jane H.,jane@jcosolar.com,219.0,1,fulfilled 1 / partial 0 / unfulfilled 0,Quick Mount Universal End Clamp 30-45mm Black - QMR-UEC3045-B-20 ×60
HAPPY (solicit),Thomas B.,tbookhamer@msn.com,207.75,1,fulfilled 1 / partial 0 / unfulfilled 0,Midnite Solar Circuit Breaker - MNEPV30-300 ×4
HAPPY (solicit),Mark M.,mmccleery84@gmail.com,130.31,1,fulfilled 1 / partial 0 / unfulfilled 0,Quick Mount Classic Conduit Composition Mount 9 x 12 Mill - QMCC-A-12 
HAPPY (solicit),Mark B.,markbeatty33@gmail.com,57.11,1,fulfilled 1 / partial 0 / unfulfilled 0,Ironridge Ufo Mill T-bolt L-foot Bonding Hardware - BHW-TB-02-A1 ×12
NOT HAPPY (remediate),Vladimir T.,,64754.93,19,fulfilled 0 / partial 0 / unfulfilled 19,Sol-Ark PowerView Ethernet & Wi-Fi Dongle - SA-ETH-PWR ×1; Unirac Ecol
NOT HAPPY (remediate),Leon R.,leon@wolfriverelectric.com,17673.92,3,fulfilled 0 / partial 0 / unfulfilled 3,Solis Plugin Cellular stick SIM card 5 year plan with 2 year standard 
NOT HAPPY (remediate),Theodore N.,ted.w.nye@gmail.com,8243.2,1,fulfilled 0 / partial 0 / unfulfilled 1,VSUN 108 Mono Cells Black/Black 440w Solar Panel - VSUN440N-108BMH-DG-
NOT HAPPY (remediate),Maureen S.,msyrnick@firstprops.com,7151.53,1,fulfilled 0 / partial 0 / unfulfilled 1,SolarEdge Three Phase Inverter 33.3.0kW 270/480V - SE33.3K-USR48BNU4 ×
NOT HAPPY (remediate),Stuart P.,phelps52308@gmail.com,6139.8,1,fulfilled 0 / partial 0 / unfulfilled 1,"Enphase IQ Battery 10T, EN-B03-T01-US00-1-3, Cover Kit ×1"
NOT HAPPY (remediate),Kevin S.,ksauder@360-elec.com,5885.01,1,fulfilled 0 / partial 0 / unfulfilled 1,SolarSpace 550W Solar Panel 144 Cell Bifacial SS8-72HD-550M Wholesale 
NOT HAPPY (remediate),TERRI M.,terri.mcnamara@cityelectricsupply.com,5631.69,1,fulfilled 0 / partial 0 / unfulfilled 1,Solis Three Phase Grid-Tied PV String Inverters - S6-GC25K-US-APST ×2
NOT HAPPY (remediate),Kristi M.,kristi@ambrosia.energy,4806.9,1,fulfilled 0 / partial 0 / unfulfilled 1,Qcells Q.PEAK DUO 590W Solar Panel - XL-G11S ×10
NOT HAPPY (remediate),Ben van der Roer,benroer@gmail.com,4505.71,2,fulfilled 0 / partial 0 / unfulfilled 2,REC Alpha Pure-RX 470W N-Type HJT Residential Panel ×10; REC Solar REC
NOT HAPPY (remediate),isabel mendoza,isabel.mendoza@live.com,4407.5,1,fulfilled 0 / partial 0 / unfulfilled 1,SolarEdge Three Phase Inverter 33.3.0kW 270/480V - SE33.3K-USR48BNU4 ×
NOT HAPPY (remediate),Tiger A.,tigerarnold82@gmail.com,4169.48,1,fulfilled 0 / partial 0 / unfulfilled 1,Ecofasten Greenfasten Mill Comp Shingle Flashing - Ecofasten GF1-MLL-0
NOT HAPPY (remediate),DENNIS H.,sav3mon3y@gmail.com,3460.92,2,fulfilled 0 / partial 0 / unfulfilled 2,BLUESUN 370W BLACK ON BLACK 120 HALF-CELL MONO SOLAR PANEL - BSM370M-6
NOT HAPPY (remediate),Samuel B.,buntonsamuel@hotmail.com,3227.9,1,fulfilled 0 / partial 0 / unfulfilled 1,Champion Automatic Transer Switch aXis 200A SE NEMA 3R whole house - 1
NOT HAPPY (remediate),otilio cruz,lura2402@outlook.com,3040.4,1,fulfilled 0 / partial 0 / unfulfilled 1,Victron Energy EasySolar-II 24/3000/70-32 MPPT 250/70 GX Inverter/Char
NOT HAPPY (remediate),Andrew B.,abarrow99@gmail.com,2987.42,1,fulfilled 0 / partial 0 / unfulfilled 1,"SMA 03-30-1000-2-50 Inverter – Includes Service Call Rebate, Total 20-"
NOT HAPPY (remediate),Jason R.,jr@repowerny.com,2838.17,1,fulfilled 0 / partial 0 / unfulfilled 1,Quick Mount Classic Shake Mount 18 x 18 Mill - QMLC-A-12 ×55
NOT HAPPY (remediate),Muhammad Nur Rahami Rosli,sales@rptechenergy.com,2780.57,1,fulfilled 0 / partial 0 / unfulfilled 1,Sun Xtender 104AH 12V AGM Battery - PVX-1040T ×6
NOT HAPPY (remediate),Tim B.,sean@hollywoodhamilton.biz,2778.15,1,fulfilled 0 / partial 0 / unfulfilled 1,EG4 Electronics LL V2 12V V2 400AH Lithium Iron Phosphate Battery ×2
NOT HAPPY (remediate),Jose Coronado FLores,floresphotovoltaics@gmail.com,2583.52,1,fulfilled 0 / partial 0 / unfulfilled 1,M‑Solar 365W Solar Panel 120 Cell BOB TXS6‑365120BB ×10; Tax ×1; URE 3
NOT HAPPY (remediate),Jeff H.,jeffh44@yahoo.com,2340.09,1,fulfilled 0 / partial 0 / unfulfilled 1,BLUESUN 370W BLACK ON BLACK 120 HALF-CELL MONO SOLAR PANEL - BSM370M-6
NOT HAPPY (remediate),Amanda D.,druderay@bellsouth.net,2336.38,1,fulfilled 0 / partial 0 / unfulfilled 1,Outback Power 2800W 12V Vented Sine Wave Inverter Charger - VFX2812M ×
NOT HAPPY (remediate),Stephen L.,gobartman@earthlink.net,2328.04,1,fulfilled 0 / partial 0 / unfulfilled 1,Magnum 2.8KW Battery-based Inverter - MS2812-L ×1
NOT HAPPY (remediate),Mike G.,mikeg@linked.energy,2325.39,1,fulfilled 0 / partial 0 / unfulfilled 1,Canadian Solar CS3W-440MS ×10
NOT HAPPY (remediate),Virgil M.,virgilsworld@aol.com,2301.31,1,fulfilled 0 / partial 0 / unfulfilled 1,Outback Power 3500w Battery Inverter - VFXR3524A-01 ×1
NOT HAPPY (remediate),Berkeley B.,berkeley@vdbelectric.com,2296.13,1,fulfilled 0 / partial 0 / unfulfilled 1,SolarEdge Grid Tied Inverter - SE20KUS-SetApp-3PH ×1
NOT HAPPY (remediate),Matt W.,mattbuilder@outlook.com,2269.43,1,fulfilled 0 / partial 0 / unfulfilled 1,Solis 11.4kW Hybrid Inverter with Tigo Transmitter S6-EH1P11.4K-H-US-R
NOT HAPPY (remediate),Trenton R.,tnremb@gmail.com,2177.45,1,fulfilled 0 / partial 0 / unfulfilled 1,Aptos Solar 440W Solar Panel 120 Cell Bifacial DNA-120-BF10-440W ×10
NOT HAPPY (remediate),Steve H.,speck133@gmail.com,2070.8,1,fulfilled 0 / partial 0 / unfulfilled 1,SolarEdge 20kW 480VDC 3-Phase SetAPP Inverter w/ AC RSD DC Safety Swit
NOT HAPPY (remediate),Greg B.,bequette333@gmail.com,2037.83,1,fulfilled 0 / partial 0 / unfulfilled 1,SMA Solar Sunny Boy 7kW 208/240VAC String Inverter - SB 7.0-1SP-US-41 
NOT HAPPY (remediate),Jayson E.,jayson@trinitypowerca.com,2036.87,1,fulfilled 0 / partial 0 / unfulfilled 1,Goodwe String Inverter - GW7600A-MS ×1
NOT HAPPY (remediate),Tyler O.,totero@arcticak.com,2017.91,1,fulfilled 0 / partial 0 / unfulfilled 1,Enphase Three-Phase Network Protection Relay NPR-3P-208-NA ×1
NOT HAPPY (remediate),Franco S.,frabncos24@outlook.com,1991.75,1,fulfilled 0 / partial 0 / unfulfilled 1,Victron Energy EasySolar-II 24/3000/70-32 MPPT 250/70 GX Inverter/Char
NOT HAPPY (remediate),marta angelica,martapochibob@gmail.com,1966.97,1,fulfilled 0 / partial 0 / unfulfilled 1,Fronius 6000 Watt Grid-Tie Inverter Without Data Manager - PRIMO 6.0-1
NOT HAPPY (remediate),Larry O.,bearsgrateful@gmail.com,1963.56,1,fulfilled 0 / partial 0 / unfulfilled 1,SMA Solar Sunny Boy 3.8kW 208/240VAC String Inverter - SB3.8-1SP-US-41
NOT HAPPY (remediate),Alejandro M.,camumaga121.11@gmail.com,1928.06,1,fulfilled 0 / partial 0 / unfulfilled 1,Pulsar Standard Series Inverter Portable Generator - PG4500iSR ×1
NOT HAPPY (remediate),Nadiya G.,nadiya.gallagher@gmail.com,1905.13,1,fulfilled 0 / partial 0 / unfulfilled 1,Trina Solar Vertex N 500W N-Type TOPCon Commercial Module ×12
NOT HAPPY (remediate),David B.,dbfield2@gmail.com,1903.3,1,fulfilled 0 / partial 0 / unfulfilled 1,LONGi Solar LGi7-72HTD 610M ×10
NOT HAPPY (remediate),marlon boswell,mkarlonboswell@gmail.com,1859.71,1,fulfilled 0 / partial 0 / unfulfilled 1,Aptos DNA-108-BF10-410W 108 Bifacial Black/Black 410w Solar Panel ×8
NOT HAPPY (remediate),Duke Q Ho,snowman024z@gmail.com,1813.94,1,fulfilled 0 / partial 0 / unfulfilled 1,JA Solar 440W Deep Blue 4.0 D41 Series Bifacial Panel JAM54-D41-440MB 
NOT HAPPY (remediate),otilio cruz,xtremexkates1@gmail.com,1783.81,1,fulfilled 0 / partial 0 / unfulfilled 1,Victron LiFePO4 Battery 128V/200Ah - Smart - BAT512120610 ×1
NOT HAPPY (remediate),Robert S.,robert.stueckle@sunpower.com,1766.11,1,fulfilled 0 / partial 0 / unfulfilled 1,Phono Solar 370W Solar Panel 120 cell - PS370M4H-20/UHB ×10
NOT HAPPY (remediate),Louis G.,louisg@sbcglobal.net,1720.76,1,fulfilled 0 / partial 0 / unfulfilled 1,Lesso 430W Solar Panel 108 Cell All-Black Bifacial 430C(HBB) 54(182) C
NOT HAPPY (remediate),mike KAMINSKI,mikek6511@msn.com,1692.64,1,fulfilled 0 / partial 0 / unfulfilled 1,Solis 10kW 4-MPPT Inverter With SunSpec Transmitter - 1P10K-4G-US-SPRT
NOT HAPPY (remediate),Robert T.,roberttimotjy1@gmail.com,1683.8,1,fulfilled 0 / partial 0 / unfulfilled 1,BYD BATTERY-BOX PREMIUM LVS 5 Module - LVS 20.0 ×1
NOT HAPPY (remediate),Edil R.,edroreco@gmail.com,1656.95,1,fulfilled 0 / partial 0 / unfulfilled 1,Schneider Conext 865-1034 100A 600VDC MPPT Charge Controller ×1
NOT HAPPY (remediate),Nicole P.,nicolepelot@gmail.com,1514.8,1,fulfilled 0 / partial 0 / unfulfilled 1,SMA SBSE3.8-US-50 Sunny Boy Hybrid Inverter ×1
NOT HAPPY (remediate),Adam M.,battlebornsolarservicellc@outlook.com,1466.01,1,fulfilled 0 / partial 0 / unfulfilled 1,SolarEdge StorEdge 7.6KW 1-PH Inverter - SE7600A-USS2RNCB2 ×1
NOT HAPPY (remediate),Brian Z.,bpzeitler@gmail.com,1414.39,1,fulfilled 0 / partial 0 / unfulfilled 1,Schneider Conext 865-1032 80A 600VDC MPPT Charge Controller ×1
NOT HAPPY (remediate),ARTHUR J O'NEILL,faywood13@gmail.com,1375.29,2,fulfilled 0 / partial 0 / unfulfilled 2,PV Wire X Adapter w/ 3A In-Line Fuse MC4/H4 Comp. FMMM 10AWG ×1; Silfa
NOT HAPPY (remediate),Kristie H.,creativeoasis@pm.me,1352.89,1,fulfilled 0 / partial 0 / unfulfilled 1,Canadian Solar 625W TOPBiHiKu6 N Type Bifacial TOPCon CS6.2-66TB-625H 
NOT HAPPY (remediate),Randy T.,randyt@stevensind.com,1209.84,1,fulfilled 0 / partial 0 / unfulfilled 1,Silfab 410W SIL-410 HC+ All Black 132 Mono Cells Solar Panel Assembled
NOT HAPPY (remediate),ross keeble,rkeeble4@icloud.com,1199.39,1,fulfilled 0 / partial 0 / unfulfilled 1,Victron MultiPlus-II 120V Inverter/Charger - 48/5000/70-95 ×1
NOT HAPPY (remediate),Avept Inc,stevek@avept.com,1175.37,1,fulfilled 0 / partial 0 / unfulfilled 1,Schneider MPPT Disconnect Rapid Shutdown - RNW8651036 ×1
NOT HAPPY (remediate),Nathan G.,ngrafton2006@gmail.com,1137.95,1,fulfilled 0 / partial 0 / unfulfilled 1,1080W Plug In Solar Kit – with APsystems EZ1 Microinverter & SunModo N
NOT HAPPY (remediate),Matthew B.,briscomd@gmail.com,1136.42,1,fulfilled 0 / partial 0 / unfulfilled 1,QCELLS 340W Q.PEAK DUO BLK-G6+ All Black Solar Panel ×8
NOT HAPPY (remediate),Windsoleil I.,00833f7177a4016fe403@members.ebay.com,1109.49,1,fulfilled 0 / partial 0 / unfulfilled 1,SMA Sunny Boy SB3800TL-US-22 3840W 600VDC Inverter w/o DC Disconnect ×
NOT HAPPY (remediate),luis raigosa,iat24w@gmail.com,1077.94,2,fulfilled 0 / partial 0 / unfulfilled 2,Mission Solar Mono PERC 430W 72 cell Black/Black Solar Panel - MSE430S
NOT HAPPY (remediate),karelis gutierrez,gkarelis2001@gmail.com,1071.15,1,fulfilled 0 / partial 0 / unfulfilled 1,Bluetti AC180P PORTABLE POWER STATION P-AC180P-US-GY-BL-010 ×1
NOT HAPPY (remediate),Kyle M.,tanmanelectric@icloud.com,1070.4,2,fulfilled 0 / partial 0 / unfulfilled 2,Chilicon Power Modular Branch Cable ×50; Chilicon Power Modular Branch
NOT HAPPY (remediate),David M.,notransfat@gmail.com,1049.35,1,fulfilled 0 / partial 0 / unfulfilled 1,Solarever 450 ×10
NOT HAPPY (remediate),William J Gutierrez,gutierrezw001@gmail.com,1031.51,1,fulfilled 0 / partial 0 / unfulfilled 1,Bluetti Apex 300 + (3) B300K Expansion Battery Combo (Home Battery Bac
NOT HAPPY (remediate),Mark A.,4202telegraph@gmail.com,996.67,1,fulfilled 0 / partial 0 / unfulfilled 1,IronRidge (Flush Mount Standoff 4 StandoffMill) - 51-6004-500L ×65
NOT HAPPY (remediate),Jeremy M.,jeremy@baileycontractingllc.com,996.48,1,fulfilled 0 / partial 0 / unfulfilled 1,Generac 200 Amp 120/230 1Ã˜ NEMA 3R 50Hz - RTSI200M3 ×1
NOT HAPPY (remediate),Brendan C.,bcarroll@ameresco.com,991.3,1,fulfilled 0 / partial 0 / unfulfilled 1,ACS Enerji LXR-P-72C-330W ×10
NOT HAPPY (remediate),Adam H.,adam@solaraccesscolorado.org,983.94,1,fulfilled 0 / partial 0 / unfulfilled 1,Alexus Solar 400W Black on Black 108 Half-Cell Mono Solar Panel ALEX-4
NOT HAPPY (remediate),Hayden I.,hayden@wolfriverelectric.com,949.19,1,fulfilled 0 / partial 0 / unfulfilled 1,Solis 4g Data Logger - DLS-C-5 Cellular ×2
NOT HAPPY (remediate),John G.,john@openmarketenergy.net,948.03,1,fulfilled 0 / partial 0 / unfulfilled 1,SolarEdge Commercial Cellular Plug-in W/ 5 Year Data Plan AÂ° 200kw - 
NOT HAPPY (remediate),Praus L.,dealstud@gmail.com,940.4,1,fulfilled 0 / partial 0 / unfulfilled 1,Trina Solar Vertex S+ 450W N-Type TOPCon Residential Module ×10
NOT HAPPY (remediate),Lara S.,somreyproductions@gmail.com,901.32,1,fulfilled 0 / partial 0 / unfulfilled 1,Solaria 400W Black On Black Mono Solar Panel - POWERXT-400R-PM ×1
NOT HAPPY (remediate),Jean L.,amalblezin57@gmail.com,873.53,1,fulfilled 0 / partial 0 / unfulfilled 1,Simpliphi Schneider Conext Gateway PRO - SCH-2430069 ×1
NOT HAPPY (remediate),John M.,john.m@hollandmoritzinc.com,812.43,1,fulfilled 0 / partial 0 / unfulfilled 1,SMA Sunny Boy SB5000US ×1
NOT HAPPY (remediate),ADAM M.,adammccartney515@gmail.com,810.75,1,fulfilled 0 / partial 0 / unfulfilled 1,Ironridge Flashfoot2 Mill Comp Shingle Flashing With Cap-foot - FF2-01
NOT HAPPY (remediate),Andy G.,andy93landa2@gmail.com,808.71,3,fulfilled 0 / partial 0 / unfulfilled 3,Xuri Solar XRM650W-66-210 ×2; Xuri Solar XRM650W-66-210 ×2; Xuri Solar
NOT HAPPY (remediate),MICHAEL K.,michael.keller@bigthundermarine.com,805.55,1,fulfilled 0 / partial 0 / unfulfilled 1,Victron 12V/170Ah AGM Super Cycle Battery (M8) - BAT412117081 ×1
NOT HAPPY (remediate),Gary V.,garyva@verizon.net,801.49,1,fulfilled 0 / partial 0 / unfulfilled 1,Schneider Conext XW 865-1030-1 60A 150VDC MPPT Charge Controller ×1
NOT HAPPY (remediate),Jaycen C.,marandaclark445@gmail.com,752.95,1,fulfilled 0 / partial 0 / unfulfilled 1,MidNite Solar 3.0KW Battery Based Inverter W/ 100V MPPT Charge Control
NOT HAPPY (remediate),Julie F.,juliefieldsmd@yahoo.com,721.02,1,fulfilled 0 / partial 0 / unfulfilled 1,DuctlessAid Wall Sleeve for Mini Split Installation ×1; MRCOOL DIY 12k
NOT HAPPY (remediate),David E.,davidezzo@yahoo.com,695.2,1,fulfilled 0 / partial 0 / unfulfilled 1,EcoFasten Galvalume 8 x 12 In. Black Roof Flashing - GF1-GAL-BLK-812 ×
NOT HAPPY (remediate),luis raigosa,lura240502@outlook.com,683.78,1,fulfilled 0 / partial 0 / unfulfilled 1,Mission Solar Mono PERC 430W 72 cell Black/Black Solar Panel - MSE430S
NOT HAPPY (remediate),Dillon C.,dchristlieb@gmail.com,649.14,1,fulfilled 0 / partial 0 / unfulfilled 1,EG4 3000 EHV-48 All In One Off-Grid Inverter 3000W Inverter/Charger ×1
NOT HAPPY (remediate),Stephen R.,skydoc@ymail.com,628.21,1,fulfilled 0 / partial 0 / unfulfilled 1,Champion 201323 - 2500W Dual Fuel Inverter Generator ×1
NOT HAPPY (remediate),Jefferson K.,j_keith@me.com,623.49,1,fulfilled 0 / partial 0 / unfulfilled 1,EG4 Electronics 3kW 3000EHV-48 3kW Output 5000W PV Input 500 VOC Input
NOT HAPPY (remediate),Michael M.,mamaorgan2027@gmail.com,619.83,1,fulfilled 0 / partial 0 / unfulfilled 1,Tigo TS4-A-O 1500V UL/TUV 1.2M Cable MC4 700W Max Power - 461-00252-32
NOT HAPPY (remediate),JJ D.,purchasing@ig.utexas.edu,618.06,1,fulfilled 0 / partial 0 / unfulfilled 1,EG4 Electronics 3kW 3000EHV-48 3kW Output 5000W PV Input 500 VOC Input
NOT HAPPY (remediate),Gary P.,gary@garypeck.net,610.92,1,fulfilled 0 / partial 0 / unfulfilled 1,EG4 Electronics 3kW 3000EHV-48 3kW Output 5000W PV Input 500 VOC Input
NOT HAPPY (remediate),Bradley J Hazard,bradhazard@gmail.com,603.27,1,fulfilled 0 / partial 0 / unfulfilled 1,IntegraRack 15-40* Fixed/Adjustable Single Frame Black IR-40FSAB0040 ×
NOT HAPPY (remediate),Brent L.,forwardthinktech@gmail.com,592.54,1,fulfilled 0 / partial 0 / unfulfilled 1,Generac Guardian Display Shell - Bisque (No POP) ×1
NOT HAPPY (remediate),Anthony F.,afal1966@aol.com,576.04,1,fulfilled 0 / partial 0 / unfulfilled 1,EG4 Electronics BrightMount Ground Mounts ×1
NOT HAPPY (remediate),Louis V.,louis@rhoweelectric.net,558.48,1,fulfilled 0 / partial 0 / unfulfilled 1,Generac 5685 Air Cooled Generator Transport Cart ×1
NOT HAPPY (remediate),Don Z.,zimmelect@yahoo.com,554.96,1,fulfilled 0 / partial 0 / unfulfilled 1,Generac HSB Brownout Protection Kit ×3
NOT HAPPY (remediate),Alex M.,alex.mcdonald@greentechrenewables.com,541.06,1,fulfilled 0 / partial 0 / unfulfilled 1,Solaredge SE-RGMTR- Consumption Meter - 3Y-208V-A ×1
NOT HAPPY (remediate),Jeremy M.,jeremymeier@badgerlandexteriors.com,501.13,1,fulfilled 0 / partial 0 / unfulfilled 1,Tesla T395H ×1
NOT HAPPY (remediate),Wayne H.,sarahholton13@gmail.com,496.47,1,fulfilled 0 / partial 0 / unfulfilled 1,Outback Power Flexware 500DC Enclosure - FW500-DC ×1
NOT HAPPY (remediate),Steve A.,anderson93921@gmail.com,493.1,1,fulfilled 0 / partial 0 / unfulfilled 1,EG4 BrightMount Ground Mount Rack Kit for 4 Solar Panels EG4GRMORA4 ×1
NOT HAPPY (remediate),Richard F.,twisty808@gmail.com,484.97,1,fulfilled 0 / partial 0 / unfulfilled 1,Runergy Hyperion 400W Mono PERC Bifacial Dual Glass HY-DH108P8B-400 So
NOT HAPPY (remediate),Elysa D.,elysa.lackey@gmail.com,466.39,1,fulfilled 0 / partial 0 / unfulfilled 1,"LG 15,000 BTU Window Air Conditioner ×1"
NOT HAPPY (remediate),Juan R.,felicitasarizmendi697@gmail.com,463.95,1,fulfilled 0 / partial 0 / unfulfilled 1,"LG 15,000 BTU Window Air Conditioner ×1"
NOT HAPPY (remediate),Jason S.,283short@gmail.com,462.02,1,fulfilled 0 / partial 0 / unfulfilled 1,"LG 15,000 BTU Window Air Conditioner ×1"
NOT HAPPY (remediate),Todd E.,farm@globalgrowers.org,454.7,1,fulfilled 0 / partial 0 / unfulfilled 1,"LG 15,000 BTU Window Air Conditioner ×1"
NOT HAPPY (remediate),Danny S.,dsanchez@gosolara.com,449.19,1,fulfilled 0 / partial 0 / unfulfilled 1,Ironridge Contour Black Trim Inside Corner Cap - CTR-IN-01-B1 ×3; Iron
NOT HAPPY (remediate),Dylan Cutter Smith,dylanrsmith256@gmail.com,434.55,1,fulfilled 0 / partial 0 / unfulfilled 1,LONGi Solar Panels - Longi 355W Solar Panel - LR4-60HPB-355W ×1
NOT HAPPY (remediate),Marc G.,marcggremodeling@gmail.com,422.04,1,fulfilled 0 / partial 0 / unfulfilled 1,ZNSHINE 405W BLACK ON BLACK 108 HALF-CELL MONO SOLAR PANEL - ZXM7-SH10
NOT HAPPY (remediate),adam rumpf,aprenterprisescolorado@gmail.com,416.81,1,fulfilled 0 / partial 0 / unfulfilled 1,Ironridge UFO Flat Roof Attachment - FRA-BASE-01-M1 ×14
NOT HAPPY (remediate),Bradley G.,bradleydavidgood@gmail.com,408.05,1,fulfilled 0 / partial 0 / unfulfilled 1,JA Solar JAM60D41-500/LB ×2
NOT HAPPY (remediate),Cody H.,heller1532@gmail.com,402.17,1,fulfilled 0 / partial 0 / unfulfilled 1,"Midea 12,000 BTU U-Shaped Smart Window Air Conditioner ×1"
NOT HAPPY (remediate),Amanda Mielke Amanda Mielke,centuryelectricsolar@gmail.com,401.83,1,fulfilled 0 / partial 0 / unfulfilled 1,APsystems Single Phase 4PV Module Microinverter 240V AC-60Hz 1200W 300
NOT HAPPY (remediate),Bhanu P.,pedarla@gmail.com,399.93,1,fulfilled 0 / partial 0 / unfulfilled 1,QCELLS 340W Q.PEAK DUO BLK-G6+ All Black Solar Panel ×1
NOT HAPPY (remediate),mark cube,knuckleheadocy@gmail.com,398.83,1,fulfilled 0 / partial 0 / unfulfilled 1,"Midea 12,000 BTU U-Shaped Smart Window Air Conditioner ×1"
NOT HAPPY (remediate),Jerry K.,kingdomdigitalmusic@gmail.com,390.15,1,fulfilled 0 / partial 0 / unfulfilled 1,Trina Solar Vertex N 600W N-Type TOPCon Commercial Module ×1
NOT HAPPY (remediate),SCOT R DARR,scotdarr@gmail.com,389.88,1,fulfilled 0 / partial 0 / unfulfilled 1,Ironridge Flashvue Black Flashing - FV-01-B1 ×25
NOT HAPPY (remediate),Maryam M.,maryam56mehboob@gmail.com,389.88,2,fulfilled 0 / partial 0 / unfulfilled 2,Mission Solar Mono PERC 430W 72 cell Black/Black Solar Panel - MSE430S
NOT HAPPY (remediate),Corey C.,cnc22869@yahoo.com,380.67,1,fulfilled 0 / partial 0 / unfulfilled 1,#6 THWN-2 500' RED ×1
NOT HAPPY (remediate),Terence S.,terencesingh@mac.com,353.94,1,fulfilled 0 / partial 0 / unfulfilled 1,Generac EZ Transfer Operator - 5447 ×1
NOT HAPPY (remediate),Geoffrey E.,geoff@watchtowerfiredefense.com,346.14,1,fulfilled 0 / partial 0 / unfulfilled 1,Quick Mount PV Mill Conduit Mount - QMCMT-A-12 ×20; Shipping ×1; Tax ×
NOT HAPPY (remediate),Alex H.,mromega@powerdesigninc.us,322.08,1,fulfilled 0 / partial 0 / unfulfilled 1,SolarEdge S1201-1GMYMRV Inverter ×4
NOT HAPPY (remediate),Jeremiah G.,jj92777@gmail.com,311.15,1,fulfilled 0 / partial 0 / unfulfilled 1,Reliance Pro/Tran 2 310A 30A 10-Circuit Manual Transfer Switch ×1
NOT HAPPY (remediate),Vernetta F.,vernfaddis1@gmail.com,298.81,1,fulfilled 0 / partial 0 / unfulfilled 1,Mission Solar 345W Mono PERC Black Module MSE345SX5T ×3
NOT HAPPY (remediate),brett shaffer,brettshaffer03@gmail.com,284.59,1,fulfilled 0 / partial 0 / unfulfilled 1,Panasonic 370W EverVolt Series EVPV370PK BoB Mono Black Frame Solar Pa
NOT HAPPY (remediate),Ana R.,anaisaromero97@gmail.com,267.68,1,fulfilled 0 / partial 0 / unfulfilled 1,Canadian Solar 550W HiKu6 Bifacial Mono PERC CS6W-550MB-AG Solar Panel
NOT HAPPY (remediate),David G.,david@mtnviewsolar.com,267.17,1,fulfilled 0 / partial 0 / unfulfilled 1,Roof Tech 5/16X 1 Flange Bolt & Nut Bag Of 100 - RT2-04-FBN25 ×3
NOT HAPPY (remediate),james pendleton,jameslpendleton@msn.com,252.26,1,fulfilled 0 / partial 0 / unfulfilled 1,SolaTrim Pest Abatement Barrier 5.50IN - ST-055 ×12
NOT HAPPY (remediate),Abbi D.,abbi.dempsey@gmail.com,246.34,1,fulfilled 0 / partial 0 / unfulfilled 1,Canadian Solar 330W HiDM CS1H-330MS Mono PERC Solar Panel ×2
NOT HAPPY (remediate),James K.,wendagchristie@gmail.com,240.7,1,fulfilled 0 / partial 0 / unfulfilled 1,Crown Battery 12V 100Ah AGM Deep Cycle Battery - Maintenance Free ×1
NOT HAPPY (remediate),Brian G.,gully78@gmail.com,235.5,1,fulfilled 0 / partial 0 / unfulfilled 1,SMA Solar Speedwire Datalogging/Monitoring Card for -22 and TriPowers 
NOT HAPPY (remediate),Juan G Torres,jtor08@gmail.com,235.35,1,fulfilled 0 / partial 0 / unfulfilled 1,Waaree Energies WSMDi-415 ×1
NOT HAPPY (remediate),Ariel Blanco Ramos,stacruz7702@yahoo.com,233.15,1,fulfilled 0 / partial 0 / unfulfilled 1,Storepower Bi PERC 650W ×2
NOT HAPPY (remediate),Steven G.,stevegencarelli@gmail.com,232.77,1,fulfilled 0 / partial 0 / unfulfilled 1,SMA Solar Speedwire Datalogging/Monitoring Card for -22 and TriPowers 
NOT HAPPY (remediate),Daniel Z.,daniel@seksolar.com,230.19,1,fulfilled 0 / partial 0 / unfulfilled 1,Solis Datalogging WIFI stick - single inverter use - 2 year warranty -
NOT HAPPY (remediate),Christopher P.,perisho@gmail.com,223.51,1,fulfilled 0 / partial 0 / unfulfilled 1,Prosolar Fastjack 4.5' Standoff - FJE-450-18 ×10; Prosolar Fastjack 3 
NOT HAPPY (remediate),William R.,wram3@aol.com,218.73,1,fulfilled 0 / partial 0 / unfulfilled 1,Trina Solar Vertex S Series 390W 120 1/2 Cells Bifacial Clear Monocrys
NOT HAPPY (remediate),Steven D.,djrnr03@gmail.com,213.2,1,fulfilled 0 / partial 0 / unfulfilled 1,Canadian Solar EP Cube Components Wall Mount Lift Kit - 85000009 ×1
NOT HAPPY (remediate),Luis Rivera Zayas,luis.riverazayas@gmail.com,209.46,2,fulfilled 0 / partial 0 / unfulfilled 2,G&P Sun Energy Technology GPMDG-540W(144) ×2; G&P Sun Energy Technolog
NOT HAPPY (remediate),Yates C.,yatescanipe@yahoo.com,194.89,1,fulfilled 0 / partial 0 / unfulfilled 1,ZNShine 410W ZXM7-SH108-410 10BB HALF-CELL All Black Mono PERC Solar P
NOT HAPPY (remediate),James K.,ajkais@hotmail.com,186.35,1,fulfilled 0 / partial 0 / unfulfilled 1,Enphase 7+ Microinverter - IQ7PLUS-72-2-INT ×1
NOT HAPPY (remediate),Luis C.,cano51150@gmail.com,166.3,1,fulfilled 0 / partial 0 / unfulfilled 1,Trina Solar Vertex S+ 400W All Black TOPCon Bifacial Mono Solar Panel 
NOT HAPPY (remediate),Glenn H.,glennhunter44@gmail.com,165.66,1,fulfilled 0 / partial 0 / unfulfilled 1,SMA EXTANT-US-40 Wi-Fi antenna Extension Kit for US-40 & Core 1 ×2
NOT HAPPY (remediate),Ray C.,rcroteau@maine.rr.com,156.96,1,fulfilled 0 / partial 0 / unfulfilled 1,SunModo Black LAG-B Lag Bolt NanoRack ×10; HellermannTyton Cable Tie &
NOT HAPPY (remediate),Kyle H.,kylebrandonhardy@gmail.com,151.91,1,fulfilled 0 / partial 0 / unfulfilled 1,SolarEdge 440Watt 60VDC Power Optimizer For Residential Installation -
NOT HAPPY (remediate),Erling L.,evlofthu@paulbunyan.net,149.03,1,fulfilled 0 / partial 0 / unfulfilled 1,Schneider Electric Insight Home Smart Energy Monitoring RNW8650330 ×1
NOT HAPPY (remediate),Alyssa L.,alyssamariekaplan@gmail.com,128.14,1,fulfilled 0 / partial 0 / unfulfilled 1,S-5 ProteaBracket ×15
NOT HAPPY (remediate),Rick B.,redbaran28@gmail.com,125.72,1,fulfilled 0 / partial 0 / unfulfilled 1,Staubli 3 Foot MC4 Extender Cable UL Certified 59014726-0098UL ×24
NOT HAPPY (remediate),Arthur C.,arthurachan@gmail.com,125.14,1,fulfilled 0 / partial 0 / unfulfilled 1,Unirac Solarmount T-BOLT - 330052S ×43
NOT HAPPY (remediate),alexander Rioux,riouxandsonsconstruction@gmail.com,119.48,1,fulfilled 0 / partial 0 / unfulfilled 1,EG4 Electronics WallMount AllWeather Battery Connector-Black ×4
NOT HAPPY (remediate),Aaron Mark Lambirth,aaronlambirth@gmail.com,115.75,1,fulfilled 0 / partial 0 / unfulfilled 1,Generac 4200 PSI Professional Gun with QC ×1
NOT HAPPY (remediate),anup modak,amodak2014@gmail.com,115.21,1,fulfilled 0 / partial 0 / unfulfilled 1,Quick Mount Pv Mill Fixed L-foot - QM-TLF10-M1 ×24
NOT HAPPY (remediate),Michael M.,texaswatcher2001@gmail.com,113.71,1,fulfilled 0 / partial 0 / unfulfilled 1,EG4 BrightMount Rail Extension Kit EG4GRMORAEX ×9
NOT HAPPY (remediate),ZACHARY JOHANN ASMUSSEN,zachary.a.muffin@gmail.com,104.3,1,fulfilled 0 / partial 0 / unfulfilled 1,Solis Data Logger Wireless Monitoring Module  S5-WiFi-ST-4PIN ×1
NOT HAPPY (remediate),Andrew B.,burnsae8@gmail.com,93.65,1,fulfilled 0 / partial 0 / unfulfilled 1,Quick Mount PV Mill Flashing W/ L-foot - QMLM-A-12 ×4
NOT HAPPY (remediate),Eric P.,perkiner21@gmail.com,81.14,1,fulfilled 0 / partial 0 / unfulfilled 1,Prosolar 3 Black End Cap - A-ENDCAPXD-1B ×10
NOT HAPPY (remediate),neal riebe,nealriebe@yahoo.com,80.01,1,fulfilled 0 / partial 0 / unfulfilled 1,IronRidge UFO-CL-01-B1 ×50
NOT HAPPY (remediate),Matthew K.,00811893f40bb414ab15@members.ebay.com,79.66,1,fulfilled 0 / partial 0 / unfulfilled 1,Quick Mount PV QMLC-A-12 18x18-inch Classic Shake Mount w/ Mill Finish
NOT HAPPY (remediate),Kevin H.,harkyk.ent@gmail.com,79.48,1,fulfilled 0 / partial 0 / unfulfilled 1,Generac 3100 PSI Ergonomic Gun - 6685 ×1
NOT HAPPY (remediate),clifton cram,cramcliff@icloud.com,78.11,1,fulfilled 0 / partial 0 / unfulfilled 1,Generac 3100 PSI Ergonomic Gun - 6685 ×1
NOT HAPPY (remediate),Raymond Z.,rayz@solarguardiansusa.com,74.05,1,fulfilled 0 / partial 0 / unfulfilled 1,EcoFasten Galvalume 8 x 12 In. Black Roof Flashing - GF1-GAL-BLK-812 ×
NOT HAPPY (remediate),Donna B.,purchasing@americansolar.net,73.02,1,fulfilled 0 / partial 0 / unfulfilled 1,Prosolar End Clamp 30mm - C1180EC-1B ×10
NOT HAPPY (remediate),Robert W.,robert.williams538@gmail.com,70.79,1,fulfilled 0 / partial 0 / unfulfilled 1,$500 extra deposit for 3 more sb 8000's ×1
NOT HAPPY (remediate),Jesus C.,addonelectric@gmail.com,67.42,1,fulfilled 0 / partial 0 / unfulfilled 1,QuickBolt Comp Shingle EPDM Conduit Mount w/Screw 16321 ×9
NOT HAPPY (remediate),Emerson B.,emerson@standardgc.net,67.01,1,fulfilled 0 / partial 0 / unfulfilled 1,Champion 22kw Maintenance kit - 201381 ×1
NOT HAPPY (remediate),Ronald W.,ron.warren00@yahoo.com,51.91,1,fulfilled 0 / partial 0 / unfulfilled 1,Outback Power GFDI Fuse Replacement Kit - SPARE-045 ×1
NOT HAPPY (remediate),Dean C.,dcarpentdean@gmail.com,47.42,1,fulfilled 0 / partial 0 / unfulfilled 1,Zamp Solar ATP to Zamp Solar SAE Adapter (ITC1030) ×1
NOT HAPPY (remediate),Matthew B.,mattflys7@yahoo.com,44.05,1,fulfilled 0 / partial 0 / unfulfilled 1,Ironridge Clear Stopper Sleeve - UFO-STP-46MM-M1 ×20
NOT HAPPY (remediate),Cameron H.,purchasing@ari-hetra.com,40.97,1,fulfilled 0 / partial 0 / unfulfilled 1,Roof Tech Steel Hex Nut pack of 100 - HN4800800-100M1 ×1
NOT HAPPY (remediate),Kernwyn C.,kernwyn1@hotmail.com,36.23,1,fulfilled 0 / partial 0 / unfulfilled 1,EG4 BrightMount Rail Extension Kit EG4GRMORAEX ×1
NOT HAPPY (remediate),Danielle S.,admin@solux.energy,30.34,1,fulfilled 0 / partial 0 / unfulfilled 1,"""Quick Mount Universal End Clamp 30-45mm Black - QMR-UEC3045-B-20 60 u"
NOT HAPPY (remediate),Sarah W.,sarah.wilson963@gmail.com,28.52,1,fulfilled 0 / partial 0 / unfulfilled 1,1-Gang Non-Metallic Cable Box 2.75in Deep 18 Cu.In ×1
NOT HAPPY (remediate),Anna T.,anna.taylor35@gmail.com,26.16,1,fulfilled 0 / partial 0 / unfulfilled 1,1-Gang Non-Metallic Box Metal/Wood Stud ×1
NOT HAPPY (remediate),Robert W.,robert.williams630@gmail.com,26.01,1,fulfilled 0 / partial 0 / unfulfilled 1,$500 extra deposit for 3 more sb 8000's ×1
NOT HAPPY (remediate),Gordon G.,gordonlgummow@msn.com,25.55,1,fulfilled 0 / partial 0 / unfulfilled 1,K2 System end clamp Dark 30-40mm pack of 20 - 4000091 ×1
NOT HAPPY (remediate),test test,test@gamil.com,0.0,1,fulfilled 0 / partial 0 / unfulfilled 1,Hyundai 410W Solar Panel 132 Half-Cell Bifacial HiS-S410YH(BK) Commerc
NOT HAPPY (remediate),Demo O.,maniramola111@gmail.com,0.0,1,fulfilled 0 / partial 0 / unfulfilled 1,Mission Solar Mono PERC 430W 72 cell Black/Black Solar Panel - MSE430S
NOT HAPPY (remediate),Bailey H.,hoodbailey85@gmail.com,0.0,3,fulfilled 0 / partial 0 / unfulfilled 3,BYD BATTERY-BOX PREMIUM LVL (2021) - 2 Module ×1; Midnite Solar AC Com
NOT HAPPY (remediate),Alex C.,dejan@portlandiaelectric.supply,0.0,1,fulfilled 0 / partial 0 / unfulfilled 1,SolarEdge 2:1 208/480V Power Optimizer - S1201 ×1
PARTIAL,James E.,james.elking@gmail.com,3466.95,1,fulfilled 0 / partial 1 / unfulfilled 0,Ironridge Mill Bonded Structural Splice - XR100-BOSS-01-M1 ×8; Ironrid
PARTIAL,Mike St. James,officeadmin@thesolarexchange.com,1947.26,1,fulfilled 0 / partial 1 / unfulfilled 0,GoodWe MS G3 US Series PV string Inverter w/ EZLink LAN - GW9600-MS-US
UNKNOWN (legacy),Hopi Utilities Corporation,,87175.0,2,fulfilled 0 / partial 0 / unfulfilled 0,
UNKNOWN (legacy),DP086 Diamond Solar VI,,84810.49,2,fulfilled 0 / partial 0 / unfulfilled 0,
UNKNOWN (legacy),Trinity Power,,66051.36,2,fulfilled 0 / partial 0 / unfulfilled 0,
UNKNOWN (legacy),Barkley Solar,,54669.55,8,fulfilled 0 / partial 0 / unfulfilled 0,
UNKNOWN (legacy),Dennis W.,,42647.12,1,fulfilled 0 / partial 0 / unfulfilled 0,"RG13089ANAC 130/120kW Catalyst generator ×1 ($38,000 + shipping/tax/CC"
UNKNOWN (legacy),POWER STORE,,39500.0,1,fulfilled 0 / partial 0 / unfulfilled 0,
UNKNOWN (legacy),Pawan K.,,33808.19,3,fulfilled 0 / partial 0 / unfulfilled 0,
UNKNOWN (legacy),Wright-Way Services,,27788.59,3,fulfilled 0 / partial 0 / unfulfilled 0,
UNKNOWN (legacy),TENCO SOLAR,,21903.93,3,fulfilled 0 / partial 0 / unfulfilled 0,
UNKNOWN (legacy),Brian R.,,21636.14,1,fulfilled 0 / partial 0 / unfulfilled 0,
UNKNOWN (legacy),BROWN AND SON'S,,21634.53,1,fulfilled 0 / partial 0 / unfulfilled 0,
UNKNOWN (legacy),Solar Energy Solutions,,21111.63,2,fulfilled 0 / partial 0 / unfulfilled 0,
UNKNOWN (legacy),Mark R.,,18857.08,3,fulfilled 0 / partial 0 / unfulfilled 0,
UNKNOWN (legacy),Morgan K.,,18030.0,1,fulfilled 0 / partial 0 / unfulfilled 0,
UNKNOWN (legacy),Plankton Energy,,14878.67,1,fulfilled 0 / partial 0 / unfulfilled 0,
UNKNOWN (legacy),Penn T.,,13176.66,1,fulfilled 0 / partial 0 / unfulfilled 0,
UNKNOWN (legacy),Ian C.,,11538.42,1,fulfilled 0 / partial 0 / unfulfilled 0,
UNKNOWN (legacy),Brian M.,,9361.32,1,fulfilled 0 / partial 0 / unfulfilled 0,
UNKNOWN (legacy),RC C.,,8850.0,1,fulfilled 0 / partial 0 / unfulfilled 0,
UNKNOWN (legacy),Daniel B.,,8590.39,1,fulfilled 0 / partial 0 / unfulfilled 0,
UNKNOWN (legacy),"Solar Energy Systems, LLC",,8345.0,1,fulfilled 0 / partial 0 / unfulfilled 0,
UNKNOWN (legacy),"Acme Scenic & Display, Inc.",,6740.69,1,fulfilled 0 / partial 0 / unfulfilled 0,
UNKNOWN (legacy),Wolf River Electric,,6271.7,2,fulfilled 0 / partial 0 / unfulfilled 0,
UNKNOWN (legacy),Captain Power LLC,,5758.47,1,fulfilled 0 / partial 0 / unfulfilled 0,
UNKNOWN (legacy),Ameresco Solar LLC,,5389.54,1,fulfilled 0 / partial 0 / unfulfilled 0,
UNKNOWN (legacy),CalSolar Inc.,,5265.96,2,fulfilled 0 / partial 0 / unfulfilled 0,
UNKNOWN (legacy),Wolf Track Energy,,5141.14,2,fulfilled 0 / partial 0 / unfulfilled 0,
UNKNOWN (legacy),Isabel M.,,4208.11,1,fulfilled 0 / partial 0 / unfulfilled 0,
UNKNOWN (legacy),Infinity Energy,,4184.07,1,fulfilled 0 / partial 0 / unfulfilled 0,
UNKNOWN (legacy),Monterey G.,,3797.25,1,fulfilled 0 / partial 0 / unfulfilled 0,
UNKNOWN (legacy),Miles B.,,3339.03,1,fulfilled 0 / partial 0 / unfulfilled 0,
UNKNOWN (legacy),Jim B.,,3170.08,2,fulfilled 0 / partial 0 / unfulfilled 0,
UNKNOWN (legacy),Jeremy P.,,3045.82,1,fulfilled 0 / partial 0 / unfulfilled 0,
UNKNOWN (legacy),Carlton A.,,2980.72,1,fulfilled 0 / partial 0 / unfulfilled 0,
UNKNOWN (legacy),Julian F. De Zulueta,,2892.73,1,fulfilled 0 / partial 0 / unfulfilled 0,
UNKNOWN (legacy),Shirley S.,,2679.33,2,fulfilled 0 / partial 0 / unfulfilled 0,
UNKNOWN (legacy),James S.,,2650.96,1,fulfilled 0 / partial 0 / unfulfilled 0,
UNKNOWN (legacy),Flores Photovoltaics LLC,,2636.95,1,fulfilled 0 / partial 0 / unfulfilled 0,
UNKNOWN (legacy),Berkeley B.,,2380.33,1,fulfilled 0 / partial 0 / unfulfilled 0,
UNKNOWN (legacy),Trenton R.,,2368.77,1,fulfilled 0 / partial 0 / unfulfilled 0,
UNKNOWN (legacy),Jayson E.,,2336.41,1,fulfilled 0 / partial 0 / unfulfilled 0,
UNKNOWN (legacy),DENNIS H.,,2131.81,1,fulfilled 0 / partial 0 / unfulfilled 0,
UNKNOWN (legacy),Thomas Jeffers Jr,,2058.93,1,fulfilled 0 / partial 0 / unfulfilled 0,
UNKNOWN (legacy),Jesse D.,,1943.25,1,fulfilled 0 / partial 0 / unfulfilled 0,
UNKNOWN (legacy),Chris B.,,1916.79,1,fulfilled 0 / partial 0 / unfulfilled 0,
UNKNOWN (legacy),Cody B.,,1899.84,2,fulfilled 0 / partial 0 / unfulfilled 0,
UNKNOWN (legacy),Phil D.,,1855.87,1,fulfilled 0 / partial 0 / unfulfilled 0,
UNKNOWN (legacy),Ellen B.,,1817.23,1,fulfilled 0 / partial 0 / unfulfilled 0,
UNKNOWN (legacy),"IntegrateSun, LLC",,1805.22,1,fulfilled 0 / partial 0 / unfulfilled 0,
UNKNOWN (legacy),Suntrail Energy,,1770.35,1,fulfilled 0 / partial 0 / unfulfilled 0,
UNKNOWN (legacy),Lalchan S.,,1537.28,1,fulfilled 0 / partial 0 / unfulfilled 0,
UNKNOWN (legacy),Steven C.,,1527.93,1,fulfilled 0 / partial 0 / unfulfilled 0,
UNKNOWN (legacy),MN8 ENERGY,,1441.86,1,fulfilled 0 / partial 0 / unfulfilled 0,
UNKNOWN (legacy),Jean U.,,1418.02,1,fulfilled 0 / partial 0 / unfulfilled 0,
UNKNOWN (legacy),Stanley H.,,1404.79,1,fulfilled 0 / partial 0 / unfulfilled 0,
UNKNOWN (legacy),Jose C.,,1215.3,1,fulfilled 0 / partial 0 / unfulfilled 0,
UNKNOWN (legacy),"California Pacific Technical Services, LLC",,1215.28,1,fulfilled 0 / partial 0 / unfulfilled 0,
UNKNOWN (legacy),Ryan W.,,1119.2,1,fulfilled 0 / partial 0 / unfulfilled 0,
UNKNOWN (legacy),ObsidianWorks,,1005.15,1,fulfilled 0 / partial 0 / unfulfilled 0,
UNKNOWN (legacy),Green Muscle Solar,,964.25,1,fulfilled 0 / partial 0 / unfulfilled 0,
UNKNOWN (legacy),"Solar Sme, Inc.",,847.29,1,fulfilled 0 / partial 0 / unfulfilled 0,
UNKNOWN (legacy),SunSent Solar,,800.0,1,fulfilled 0 / partial 0 / unfulfilled 0,
UNKNOWN (legacy),Chromak R.,,746.72,1,fulfilled 0 / partial 0 / unfulfilled 0,
UNKNOWN (legacy),John G.,,615.88,1,fulfilled 0 / partial 0 / unfulfilled 0,
UNKNOWN (legacy),Solar Home Energy Solutions,,604.06,1,fulfilled 0 / partial 0 / unfulfilled 0,
UNKNOWN (legacy),Scott B.,,521.06,1,fulfilled 0 / partial 0 / unfulfilled 0,
UNKNOWN (legacy),John P.,,520.53,1,fulfilled 0 / partial 0 / unfulfilled 0,
UNKNOWN (legacy),Mark H.,,499.71,1,fulfilled 0 / partial 0 / unfulfilled 0,
UNKNOWN (legacy),Jacqueline L.,,358.57,1,fulfilled 0 / partial 0 / unfulfilled 0,
UNKNOWN (legacy),David G.,,275.15,1,fulfilled 0 / partial 0 / unfulfilled 0,
UNKNOWN (legacy),Jason F.,,229.35,1,fulfilled 0 / partial 0 / unfulfilled 0,
UNKNOWN (legacy),Greg M.,,218.57,1,fulfilled 0 / partial 0 / unfulfilled 0,
UNKNOWN (legacy),Scott O.,,167.27,1,fulfilled 0 / partial 0 / unfulfilled 0,
UNKNOWN (legacy),Mark M.,,157.45,1,fulfilled 0 / partial 0 / unfulfilled 0,
UNKNOWN (legacy),Rioux and Sons construction,,135.38,1,fulfilled 0 / partial 0 / unfulfilled 0,
UNKNOWN (legacy),Fred E.,,120.68,1,fulfilled 0 / partial 0 / unfulfilled 0,
UNKNOWN (legacy),Mark B.,,57.11,1,fulfilled 0 / partial 0 / unfulfilled 0,
