send_date,name,email,paid_usd,bought,judgeme_link
2026-09-28,Morgan K.,mkennedy@syncrenewables.com,17345.86,Chint 25kW 3-Phase String Inverter 208Vac APS RSD Wirebox) - SCA25KTL-,https://judge.me/reviews/create?shop=portlandiaelectricsupply.myshopify.com
2026-09-28,Jan strand,info@bedrocksolar.com,5642.6,Aptos 800W Microinverter - MAC-800R ×20; Tax ×1,https://judge.me/reviews/create?shop=portlandiaelectricsupply.myshopify.com
2026-09-28,Glen M.,mcgillan@gmail.com,5489.59,Talesun Solar 450W Solar Panel 108 Cells All-Black Bifacial TM7G54M-45,https://judge.me/reviews/create?shop=portlandiaelectricsupply.myshopify.com
2026-09-29,Bryce B.,bryce.berggren@calsolarinc.com,3657.95,APSystems 4-Module Micro Inverter For 375W+ Modules - QS1 ×10,https://judge.me/reviews/create?shop=portlandiaelectricsupply.myshopify.com
2026-09-29,Jesse D.,doneriteelectric@yahoo.com,3432.45,"Fronius Primo 5.0-1 snap Inverter - 4,21,00,63,800 ×1; Tax 9.225% ×1; ",https://judge.me/reviews/create?shop=portlandiaelectricsupply.myshopify.com
2026-09-29,Michael D.,0081059bec41428f35c1@members.ebay.com,3188.25,The SMA Sunny Boy 8000TL-US ×2,https://judge.me/reviews/create?shop=portlandiaelectricsupply.myshopify.com
2026-09-30,BACKER A.,team.baytconstruction@gmail.com,2254.2,Aptos Solar 440W Solar Panel 120 Cell Bifacial DNA-120-BF10-440W ×10,https://judge.me/reviews/create?shop=portlandiaelectricsupply.myshopify.com
2026-09-30,Ellen B.,lgbnokomis@hotmail.com,1817.23,Fronius 208-240VAC Single Phase String Inverter - PRIMO 5.0-1 ×1; Sale,https://judge.me/reviews/create?shop=portlandiaelectricsupply.myshopify.com
2026-09-30,Tom P.,tom.p@suntrailenergy.com,1770.35,SolarEdge 2:1 208/480V Power Optimizer - S1201 ×10; Tax ×1,https://judge.me/reviews/create?shop=portlandiaelectricsupply.myshopify.com
2026-10-01,Joseph B.,4084151779c27fb6d384@members.ebay.com,1633.54,The SMA Sunny Boy 8000TL-US ×1,https://judge.me/reviews/create?shop=portlandiaelectricsupply.myshopify.com
2026-10-01,Chad H.,406902a90b5dcfcee642@members.ebay.com,1562.54,Fronius 7.5kw IG Advanced Plus Inverter NEW ×1,https://judge.me/reviews/create?shop=portlandiaelectricsupply.myshopify.com
2026-10-01,Stanley H.,00824d5b4a2001769c6a@members.ebay.com,1526.85,"SMA, SUNNY BOY 3800TL-US-22 (SPR-3802m), AFCI, RS485 ×1",https://judge.me/reviews/create?shop=portlandiaelectricsupply.myshopify.com
2026-10-02,DavidElwee M.,0406d602469c4b2f7e54@members.ebay.com,1485.87,Fronius 7.5kw IG Advanced Plus Inverter NEW ×1,https://judge.me/reviews/create?shop=portlandiaelectricsupply.myshopify.com
2026-10-02,Clarence F.,403a639b6c60938c3149@members.ebay.com,1362.14,Fronius 7.5kw IG Advanced Plus Inverter NEW ×1,https://judge.me/reviews/create?shop=portlandiaelectricsupply.myshopify.com
2026-10-02,Kevin K.,01021d8c94b4573806fd@members.ebay.com,1147.47,Fronius 7.5kw IG Advanced Plus Inverter NEW ×1,https://judge.me/reviews/create?shop=portlandiaelectricsupply.myshopify.com
2026-10-03,Ryan W.,0104e237444559f801b9@members.ebay.com,1095.69,SMA Sunny Boy SB3800TL-US-22 3840W 600VDC Inverter w/o DC Disconnect ×,https://judge.me/reviews/create?shop=portlandiaelectricsupply.myshopify.com
2026-10-03,Benjamin C.,benc@activesolarusa.com,1023.61,Apsystems Protects an unused connector on the AC Bus - used for 5-wire,https://judge.me/reviews/create?shop=portlandiaelectricsupply.myshopify.com
2026-10-03,Christine S.,nigel_hell@hotmail.com,796.74,Saticshield Standard Power Perfect Box - PPB ×1; Shipping ×1; Tax ×1,https://judge.me/reviews/create?shop=portlandiaelectricsupply.myshopify.com
2026-10-04,1133633Mark Zattiero,riddler@zatcave.org,784.49,Outback Power System Display and Controller - MATE3s ×1; Tax ×1,https://judge.me/reviews/create?shop=portlandiaelectricsupply.myshopify.com
2026-10-04,John P.,jpetersen@revisionenergy.com,504.0,Solaredge Replacement 4G Cell Modem - CELL-A-R05-US-P-S2 ×1,https://judge.me/reviews/create?shop=portlandiaelectricsupply.myshopify.com
2026-10-04,Mark H.,marxman.13@gmail.com,499.71,Tesla Multi Powerwall Stacking Kit - 1112154-00-B ×1; Tax 11.25% ×1,https://judge.me/reviews/create?shop=portlandiaelectricsupply.myshopify.com
2026-10-05,Heidi S.,hmskogs@gmail.com,405.9,Briggs and Stratton ACCM Power Management Upgrade Kit - Standard Trans,https://judge.me/reviews/create?shop=portlandiaelectricsupply.myshopify.com
2026-10-05,Brian D.,bcdia2dayy@gmail.com,381.91,IronRidge 9x12-inch FlashFoot2 w/ Mill Finish - FF2-02-B2 ×17; Tax 7.7,https://judge.me/reviews/create?shop=portlandiaelectricsupply.myshopify.com
2026-10-05,Italo M Genesi,italo_genesi@mac.com,360.37,Generac EZ Transfer Operator - 5447 ×1; Tax 7.0% ×1,https://judge.me/reviews/create?shop=portlandiaelectricsupply.myshopify.com
2026-10-06,Petros T.,stinger28425@gmail.com,359.53,Generac EZ Transfer Operator - 5447 ×1; Tax 6.75% ×1,https://judge.me/reviews/create?shop=portlandiaelectricsupply.myshopify.com
2026-10-06,Kevin S.,kcsova@gmail.com,308.04,EcoFasten Galvalume 8 x 12 In. Black Roof Flashing - GF1-GAL-BLK-812 ×,https://judge.me/reviews/create?shop=portlandiaelectricsupply.myshopify.com
2026-10-06,Chris L.,916smog@gmail.com,281.15,Yotta Energy Microinverter - DPI-208 ×1,https://judge.me/reviews/create?shop=portlandiaelectricsupply.myshopify.com
2026-10-07,Jason F.,nyjasonfeng@gmail.com,222.7,Chemlink 5 Gray E-Curb Round Seal Kit - F1367GR ×1,https://judge.me/reviews/create?shop=portlandiaelectricsupply.myshopify.com
2026-10-07,Jane H.,jane@jcosolar.com,219.0,Quick Mount Universal End Clamp 30-45mm Black - QMR-UEC3045-B-20 ×60,https://judge.me/reviews/create?shop=portlandiaelectricsupply.myshopify.com
2026-10-07,Thomas B.,tbookhamer@msn.com,207.75,Midnite Solar Circuit Breaker - MNEPV30-300 ×4,https://judge.me/reviews/create?shop=portlandiaelectricsupply.myshopify.com
2026-10-08,Mark M.,mmccleery84@gmail.com,130.31,Quick Mount Classic Conduit Composition Mount 9 x 12 Mill - QMCC-A-12 ,https://judge.me/reviews/create?shop=portlandiaelectricsupply.myshopify.com
2026-10-08,Mark B.,markbeatty33@gmail.com,57.11,Ironridge Ufo Mill T-bolt L-foot Bonding Hardware - BHW-TB-02-A1 ×12,https://judge.me/reviews/create?shop=portlandiaelectricsupply.myshopify.com
