name,email,paid_usd,n_charges
Dennis Willett,willett_electrical@yahoo.com,42647.12,1
Pawan Kumar,harshtylertech@gmail.com,34908.63,4
Rhew Contracting,rhewcontracting@gmail.com,21636.14,1
Solar Energy Solutions,bruce@sesre.com,21111.63,2
Jayson Emerian,jayson@trinitypowerca.com,20820.79,1
Mark Russell,mark@americandebrisbox.com,14404.33,2
Ian Clark,ianc@dichotomycapital.com,11538.42,1
TENCO SOLAR,chadi@tencosolar.net,10790.01,2
Daniel Barrett,danielbarrettmd@gmail.com,8590.39,1
"Acme Scenic & Display, Inc.",dcarter@acmescenic.com,6740.69,1
Captain Power LLC,mike@captainpowerllc.com,5758.47,1
Chadi Zein,chadi@tencosolar.net,5688.38,1
Cody Munoz,cmunoz@ameresco.com,5389.54,1
Brent Barkley,barkley@barkleysolar.com,5154.54,4
Rudy Ortiz,rortiz@scuddersolar.com,5063.46,1
ARC Line Power And Electric,,4770.88,1
Wright-Way Services,rwright@wright-way.com,4303.55,1
Isabel Mendoza,isabel.mendoza@live.com,4208.11,1
Infinity Energy,david.schaffer@infinitysolarsystems.com,4184.07,1
monterey gardiner,,3797.25,1
Miles Broske,miles.broske@greentechrenewables.com,3339.03,1
Barkley Solar,barkley@barkleysolar.com,3332.47,2
Martin Lara,martinl@halosolarllc.com,3283.93,1
Jeremy Pogue,jeremypogue@gmail.com,3045.82,1
Carlton Amdahl,carl@amdahl.org,2980.72,1
Julian F. De Zulueta,julianf@zulusolar.com,2892.73,1
Shirley Swanson,barnstormfarm@gmail.com,2679.33,2
James Stephens,james.stephens@soheva.net,2650.96,1
Wolf Track Energy,dfette@wolftrackenergy.com,2570.57,1
Beitzel CORPORATION,benuphold@beitzelcs.com,2522.05,1
Shannon Thompson,thompson1388888@yahoo.com,2456.29,1
Berkeley Bodine,berkeley@vdbelectric.com,2380.33,1
Trenton Rembert,tnremb@gmail.com,2368.77,1
DENNIS HANSEN,sav3mon3y@gmail.com,2131.81,1
Craig Ervin,z50r@yahoo.com,2083.23,1
Thomas Jeffers Jr,april@arsolutions.us,2058.93,1
Chris Bush,acct@bushsolarenergysolutions.com,1916.79,1
Cody Buick,cody.buick87@gmail.com,1899.84,2
Phil Deur,zzzfarmboy@gmail.com,1855.87,1
Francis Ramirez,furamirez@gmail.com,1760.02,1
Jim Bustillo,jimbustillo@yahoo.com,1585.04,1
Lalchan Samichand,lsamichand@gmail.com,1537.28,1
Steven Ciarleglio,steve@ciarleglio.com,1527.93,1
MN8 ENERGY,terri.mcnamara@cityelectricsupply.com,1441.86,1
Jean Ummel,jleester@gmail.com,1418.02,1
Jose Campos,olaolu.ogunfusika@transcore.com,1215.3,1
Thomas Carlson,brad@solarcarportsllc.com,1146.77,1
Ryan Welsch,ryanf2guy@gmail.com,1119.2,1
ObsidianWorks,molly@obsidian.works,1005.15,1
William Brennan,williambrennaniii@gmail.com,895.72,1
"ARC Design & Consulting, LLC",roger@arcdesignllc.net,889.81,1
Jesse Quinn,jesse.rk.quinn@gmail.com,862.36,1
"Solar Sme, Inc.",farooq@solarsme.com,847.29,1
Clayton Skelton,caseyskelton@sbcglobal.net,845.02,1
SunSent Solar,trey@sunsent.com,823.92,2
Sachin Vyas,account@chromakresearch.com,746.72,1
SPARK BUILDING ENERGY SOLUTIONS LLC,info@sparkbuildingenergy.com,720.72,2
aiguo feng,aiguo_feng@hotmail.com,658.09,1
John Gardiner,john@openmarketenergy.net,615.88,1
Pat Murray,,604.06,1
PAUL PORTER,paul@myallsouth.com,583.0,1
Justin Roberts,justinrober@gmail.com,566.52,1
Eugene Kim,ekk1288@gmail.com,561.02,1
Scott Benson,scottb77@gmail.com,521.06,1
John Petersen,jpetersen@revisionenergy.com,520.53,1
Jeff Santacroce,wvecofarmer@gmail.com,413.27,1
Samuel Miller,hcoptss@gmail.com,384.44,1
Moses Bailon,trackstarpaint@yahoo.com,383.51,1
Francisco  Vicente,shelzmua19@gmail.com,375.02,1
Jacqueline Lowther,jacquelinelowther@me.com,358.57,1
John Murtha,jmurtha@nsihq.com,311.64,1
Michael Riggs,mrriggs84@gmail.com,308.99,1
David Gawlik,david@mtnviewsolar.com,275.15,1
Carrie Dover,careless_01@yahoo.com,233.19,1
Jason Feng,nyjasonfeng@gmail.com,229.35,1
Greg Mckenna,gmckenna@hpa.edu,218.57,1
Mark Mccleery,mmccleery84@gmail.com,157.45,1
Tina Wieand,tw092488@verizon.net,144.14,2
Rioux and Sons construction,riouxandsonsconstruction@gmail.com,135.38,1
Jim lang,87a9568@gmail.com,123.54,1
Fred Enist,fvhorses@live.com,120.68,1
Noah Doty,nodote135@gmail.com,39.37,1
Riven AI,fable@rivenai.io,37.67,3
Michael,operations@portlandiaelectric.supply,29.0,1
(unnamed),,5.0,1
Liam Cassilly,liam@cassilly.capital,2.12,1
