supplier,total_paid_usd
1 SOLAR DIRECT,52375.0
Fortune Energy,49527.2
SOLU Solar Distribution | SSD,44712.0
Ginlong (Solis) Technologies US,42574.8
SOLWEL CORPORATION,35266.96
Signature Solar LLC,18574.37
HIGHTEC SOLAR INC.,18507.0
"Krannich Solar East, LLC",17670.71
Quicken Solar,17403.0
BayWa r.e. Power Solutions Inc.,16800.0
"Greensun Solar Energy Tech Co., Limited",12615.0
Kenny Okeke,10530.0
EBay,8539.51
Reti Yeti Energy Solutions LLC,8500.0
Fortress Power LLC,6960.0
xCUMMINS,6679.35
PHILADELPHIA SOLAR FOR RENEWABLE ENERGY LLC,5411.25
Pearce Worldwide Logistics,5109.0
Fronius USA LLC,4546.02
Everyone's Solar,4222.69
SOLAR GO INC.,4085.0
Sol-Ark,4044.0
Chris Bush,3833.58
"SURPLUS SOLAR PRODUCTS, INC.",3558.75
Go Greenman Solar,2673.0
OIS Office & Industrial Specialists Warehouse,2500.0
Berkeley Bodine,2380.33
STELLAVOLTA LLC,2275.03
BANK OF CHINA (HONG KONG) LIMITED,2027.12
Hurricane Wind Power,1945.16
One Monroe Titan,1788.0
Samy Nashabe,1689.0
Legacy Solar Parts,1505.71
RED KINGDOM WHOLESALE,1384.0
GoodWe USA Inc.,1204.0
"4yourbusiness, Inc.",1200.0
Supplied Energy,1050.0
Lewis,1005.5
Spruce Merchandise LLC,969.8
SunHub,900.0
American Eagle ( Rework Freight Services),835.0
Concord International Group,743.0
Surplus Electrical Connections,570.0
Inverter Supply,538.65
Jared Carrillo,532.56
Platt Electric Supply,510.48
Heritage Liquidators,500.0
Tanya Hahn,499.93
DENNIS HANSEN,473.86
Faheem ul Hassan,472.46
Nick Fiero,470.0
Solar Flexion,397.99
Solar Cellz Inc,290.0
GREENTECH RENEWABLES,288.64
USPS,227.17
Santan Solar,201.4
My Wanderings (ebay Seller),192.0
California Solar NRG,169.6
Briggs & Stratton,164.0
Boston Bruck (Ebay),130.92
Ebay Order# 08-14756-41665,124.14
Vitalii Kazakevych Ebay Order# 11-14889-49604,85.07
Ebay Order number 23-14524-73797,78.02
Huangxi Cai ( Ebay),59.28
Linda Musika (Ebay),59.0
"RKPARTS, LLC ( Ebay)",53.23
Global Depot Inc ( Ebay),48.65
Carter Seabrook (Ebay),41.83
Ebay Order number→03-14554-79859,32.46
